,id_street,number,original_n,source,author,date,cord,first_day,first_month,first_year,last_day,last_month,last_year
0,78,42.0,42,"Livro de Emplacamento, n.21, p.122",Cintia,8/10/2018,(-46.6439421933533 -23.5436262515865),15.0,5.0,1936.0,,,
1,78,55.0,55,"Livro de Emplacamento, n.21, p.122; Livro de Emplacamento, n.17, p.67; Livro de Emplacamento, n.1, p.2",Cintia,8/10/2018,(-46.6439421933533 -23.5436262515865),19.0,9.0,1908.0,15.0,5.0,1936.0
2,78,61.0,61,"Livro de Emplacamento, n.1, p.2",Cintia,8/10/2018,(-46.6439421933533 -23.5436262515865),18.0,9.0,1908.0,15.0,5.0,1936.0
3,78,276.0,276,"Livro de Emplacamento, n.21, p.122",Cintia,8/10/2018,(-46.6447195439657 -23.5455556602388),15.0,5.0,1936.0,,,
4,78,21.0,21,"Livro de Emplacamento, n.21, p.122; Livro de Emplacamento, n.17, p.67; Livro de Emplacamento, n.1, p.2",Cintia,8/10/2018,(-46.6447195439657 -23.5455556602388),8.0,8.0,1930.0,15.0,5.0,1936.0
5,78,19.0,19,"Livro de Emplacamento, n.21, p.122; Livro de Emplacamento, n.17, p.67; Livro de Emplacamento, n.1, p.2",Cintia,8/10/2018,(-46.6447195439657 -23.5455556602388),19.0,9.0,1908.0,15.0,5.0,1936.0
6,78,392.0,392,"Livro de Emplacamento, n.21, p.122",Cintia,8/10/2018,(-46.645009557585 -23.546568620815),15.0,5.0,1936.0,,,
7,78,1.0,1,"Livro de Emplacamento, n.21, p.122; Livro de Emplacamento, n.17, p.67; Livro de Emplacamento, n.1, p.2",Cintia,8/10/2018,(-46.645009557585 -23.546568620815),19.0,9.0,1908.0,15.0,5.0,1936.0
8,78,73.0,73,"Livro de Emplacamento, n.21, p.121",Cintia,8/10/2018,(-46.6441477203577 -23.5438187380588),15.0,5.0,1936.0,,,
9,78,42.0,42,"Livro de Emplacamento, n.21, p.121; Livro de Emplacamento, n.17, p.67; Livro de Emplacamento, n.1, p.2",Cintia,8/10/2018,(-46.6441477203577 -23.5438187380588),8.0,8.0,1930.0,15.0,5.0,1936.0
10,78,44.0,44,"Livro de Emplacamento, n.21, p.121; Livro de Emplacamento, n.17, p.67; Livro de Emplacamento, n.1, p.2",Cintia,8/10/2018,(-46.6441477203577 -23.5438187380588),19.0,9.0,1908.0,15.0,5.0,1936.0
11,78,60.0,60,"Livro de Emplacamento, n.21, p.121; Livro de Emplacamento, n.17, p.67; Livro de Emplacamento, n.1, p.2",Cintia,8/10/2018,(-46.6441477203577 -23.5438187380588),18.0,9.0,1908.0,15.0,5.0,1936.0
12,78,281.0,281,"Livro de Emplacamento, n.21, p.121",Cintia,8/10/2018,(-46.6447322996812 -23.5455992497908),15.0,5.0,1936.0,,,
13,78,10.0,10,"Livro de Emplacamento, n.21, p.122; Livro de Emplacamento, n.17, p.67; Livro de Emplacamento, n.1, p.2",Cintia,8/10/2018,(-46.6447322996812 -23.5455992497908),19.0,9.0,1908.0,15.0,5.0,1936.0
14,78,399.0,399,"Livro de Emplacamento, n.21, p.121",Cintia,8/10/2018,(-46.6450264785516 -23.546629912619),15.0,5.0,1936.0,,,
15,78,2.0,2,"Livro de Emplacamento, n.21, p.122; Livro de Emplacamento, n.17, p.67; Livro de Emplacamento, n.1, p.2",Cintia,8/10/2018,(-46.6450264785516 -23.546629912619),19.0,9.0,1908.0,15.0,5.0,1936.0
16,11,18.0,18,"Livro de Emplacamento, n.21, p.342",Cintia,8/10/2018,(-46.6345888327543 -23.550738470325),5.0,11.0,1936.0,,,
17,11,2.0,2,"Livro de Emplacamento, n.21, p.342",Cintia,8/10/2018,(-46.6345888327543 -23.550738470325),4.0,11.0,1936.0,5.0,11.0,1936.0
18,11,82.0,82,"Livro de Emplacamento, n.21, p.342",Cintia,8/10/2018,(-46.6351856902493 -23.5505672455764),5.0,11.0,1936.0,,,
19,11,16.0,16,"Livro de Emplacamento, n.21, p.342",Cintia,8/10/2018,(-46.6351856902493 -23.5505672455764),4.0,11.0,1936.0,5.0,11.0,1936.0
20,11,158.0,158,"Livro de Emplacamento, n.21, p.342",Cintia,8/10/2018,(-46.6358796299957 -23.5503173882167),5.0,11.0,1936.0,,,
21,11,26.0,26,"Livro de Emplacamento, n.21, p.341",Cintia,8/10/2018,(-46.6358796299957 -23.5503173882167),4.0,11.0,1936.0,5.0,11.0,1936.0
22,11,29.0,29,"Livro de Emplacamento, n.21, p.341",Cintia,8/10/2018,(-46.6346927494227 -23.5507138915376),5.0,11.0,1936.0,,,
23,11,1.0,1,"Livro de Emplacamento, n.21, p.341",Cintia,8/10/2018,(-46.6346927494227 -23.5507138915376),4.0,11.0,1936.0,5.0,11.0,1936.0
24,11,109.0,109,"Livro de Emplacamento, n.21, p.341",Cintia,8/10/2018,(-46.6354323506872 -23.5504789314197),5.0,11.0,1936.0,,,
25,11,3.0,3,"Livro de Emplacamento, n.21, p.341",Cintia,8/10/2018,(-46.6354323506872 -23.5504789314197),4.0,11.0,1936.0,5.0,11.0,1936.0
26,11,205.0,205,"Livro de Emplacamento, n.21, p.341",Cintia,8/10/2018,(-46.636314069945 -23.5501780614516),5.0,11.0,1936.0,,,
27,11,27.0,27,"Livro de Emplacamento, n.21, p.341",Cintia,8/10/2018,(-46.636314069945 -23.5501780614516),4.0,11.0,1936.0,5.0,11.0,1936.0
28,12,37.0,37,"Livro de Emplacamento, n.27, p.269",Cintia,8/10/2018,(-46.6322197473601 -23.5500073650751),12.0,9.0,1940.0,,,
29,12,17.0,17,"Livro de Emplacamento, n.27, p.269",Cintia,8/10/2018,(-46.6322197473601 -23.5500073650751),11.0,9.0,1940.0,12.0,9.0,1940.0
30,12,61.0,61,"Livro de Emplacamento, n.27, p.269",Cintia,8/10/2018,(-46.6324387725199 -23.5500857634577),12.0,9.0,1940.0,,,
31,12,25.0,25,"Livro de Emplacamento, n.27, p.269",Cintia,8/10/2018,(-46.6324387725199 -23.5500857634577),11.0,9.0,1940.0,12.0,9.0,1940.0
32,12,93.0,93,"Livro de Emplacamento, n.27, p.269",Cintia,8/10/2018,(-46.6327308060662 -23.5501902946346),12.0,9.0,1940.0,,,
33,12,31.0,31,"Livro de Emplacamento, n.27, p.269",Cintia,8/10/2018,(-46.6327308060662 -23.5501902946346),11.0,9.0,1940.0,12.0,9.0,1940.0
34,12,70.0,70,"Livro de Emplacamento, n.27, p.269",Cintia,8/10/2018,(-46.6325209069548 -23.5501151628512),12.0,9.0,1940.0,,,
35,12,28.0,28,"Livro de Emplacamento, n.27, p.269",Cintia,8/10/2018,(-46.6325209069548 -23.5501151628512),11.0,9.0,1940.0,12.0,9.0,1940.0
36,12,76.0,76,"Livro de Emplacamento, n.27, p.269",Cintia,8/10/2018,(-46.6325756632447 -23.5501347624469),12.0,9.0,1940.0,,,
37,12,28.1,28A,"Livro de Emplacamento, n.27, p.269",Cintia,8/10/2018,(-46.6325756632447 -23.5501347624469),11.0,9.0,1940.0,12.0,9.0,1940.0
38,12,86.0,86,"Livro de Emplacamento, n.27, p.269",Cintia,8/10/2018,(-46.6326669237279 -23.5501674284397),12.0,9.0,1940.0,,,
39,12,32.0,32,"Livro de Emplacamento, n.27, p.269",Cintia,8/10/2018,(-46.6326669237279 -23.5501674284397),11.0,9.0,1940.0,12.0,9.0,1940.0
40,13,8.0,8,"Livro de Emplacamento, n.27, p.123; n.8, p.118",Cintia,8/10/2018,(-46.6310510911253 -23.5492801093904),6.0,5.0,1940.0,,,
41,13,4.0,4,"Livro de Emplacamento, n.27, p.123; n.8, p.118",Cintia,8/10/2018,(-46.6310510911253 -23.5492801093904),5.0,9.0,1908.0,6.0,5.0,1940.0
42,13,2.1,2 tinta,"Livro de Emplacamento, n.27, p.123; n.8, p.118",Cintia,8/10/2018,(-46.6310510911253 -23.5492801093904),4.0,9.0,1908.0,6.0,5.0,1940.0
43,13,104.0,104,"Livro de Emplacamento, n.27, p.123; n.8, p.118",Cintia,8/10/2018,(-46.6319853202541 -23.5493781679958),6.0,5.0,1940.0,,,
44,13,32.0,32,"Livro de Emplacamento, n.27, p.123; n.8, p.118",Cintia,8/10/2018,(-46.6319853202541 -23.5493781679958),5.0,9.0,1908.0,6.0,5.0,1940.0
45,13,18.0,18,"Livro de Emplacamento, n.27, p.123; n.8, p.118",Cintia,8/10/2018,(-46.6319853202541 -23.5493781679958),4.0,9.0,1908.0,6.0,5.0,1940.0
46,13,200.0,200,"Livro de Emplacamento, n.27, p.123; n.8, p.118",Cintia,8/10/2018,(-46.6329201486153 -23.5494700044201),6.0,5.0,1940.0,,,
47,13,210.0,210,"Livro de Emplacamento, n.27, p.123; n.8, p.118",Cintia,8/10/2018,(-46.6329201486153 -23.5494700044201),5.0,5.0,1940.0,6.0,5.0,1940.0
48,13,47.0,47,"Livro de Emplacamento, n.27, p.123; n.8, p.118",Cintia,8/10/2018,(-46.63143059214 -23.5493202296124),6.0,5.0,1940.0,,,
49,13,7.0,7,"Livro de Emplacamento, n.27, p.123; n.8, p.118",Cintia,8/10/2018,(-46.63143059214 -23.5493202296124),5.0,9.0,1908.0,6.0,5.0,1940.0
50,13,5.0,5 tinta,"Livro de Emplacamento, n.27, p.123; n.8, p.118",Cintia,8/10/2018,(-46.63143059214 -23.5493202296124),4.0,9.0,1908.0,6.0,5.0,1940.0
51,13,67.0,67,"Livro de Emplacamento, n.27, p.123; n.8, p.118",Cintia,8/10/2018,(-46.631625208045 -23.5493408040852),6.0,5.0,1940.0,,,
52,13,11.0,11,"Livro de Emplacamento, n.27, p.123; n.8, p.118",Cintia,8/10/2018,(-46.631625208045 -23.5493408040852),5.0,9.0,1908.0,6.0,5.0,1940.0
53,13,93.0,93,"Livro de Emplacamento, n.27, p.123; n.8, p.118",Cintia,8/10/2018,(-46.6318782468602 -23.5493671847006),6.0,5.0,1940.0,,,
54,13,19.0,19,"Livro de Emplacamento, n.27, p.123; n.8, p.118",Cintia,8/10/2018,(-46.6318782468602 -23.5493671847006),5.0,9.0,1908.0,6.0,5.0,1940.0
55,14,21.0,21,"Livro de Emplacamento, n.26, p.356",Cintia,8/10/2018,(-46.6327650904257 -23.5496440079889),7.0,12.0,1939.0,,,
56,14,3.0,3,"Livro de Emplacamento, n.21, p.356; n.7, p.51",Cintia,8/10/2018,(-46.6327650904257 -23.5496440079889),8.0,2.0,1909.0,7.0,12.0,1939.0
57,14,1.1,1B Tinta,"Livro de Emplacamento, n.21, p.356; n.7, p.51",Cintia,8/10/2018,(-46.6327650904257 -23.5496440079889),7.0,2.0,1909.0,7.0,12.0,1939.0
58,14,109.0,109,"Livro de Emplacamento, n.21, p.356; n.7, p.51",Cintia,8/10/2018,(-46.6329564445494 -23.5504117352211),7.0,12.0,1939.0,,,
59,14,23.0,23,"Livro de Emplacamento, n.21, p.356; n.7, p.51",Cintia,8/10/2018,(-46.6329564445494 -23.5504117352211),8.0,2.0,1909.0,7.0,12.0,1939.0
60,14,7.0,7,"Livro de Emplacamento, n.21, p.356; n.7, p.51",Cintia,8/10/2018,(-46.6329564445494 -23.5504117352211),7.0,2.0,1909.0,7.0,12.0,1939.0
61,14,357.0,357,"Livro de Emplacamento, n.21, p.356; n.7, p.51",Cintia,8/10/2018,(-46.633973383745 -23.5524244271699),7.0,12.0,1939.0,,,
62,14,55.0,55,"Livro de Emplacamento, n.21, p.357; n.7, p.51",Cintia,8/10/2018,(-46.633973383745 -23.5524244271699),8.0,2.0,1909.0,7.0,12.0,1939.0
63,14,35.0,35,"Livro de Emplacamento, n.21, p.356; n.7, p.51",Cintia,8/10/2018,(-46.633973383745 -23.5524244271699),7.0,2.0,1909.0,7.0,12.0,1939.0
64,14,98.0,98,"Livro de Emplacamento, n.21, p.357; n.7, p.51",Cintia,8/10/2018,(-46.632912086732 -23.5503220871549),7.0,12.0,1939.0,,,
65,14,16.0,16,"Livro de Emplacamento, n.21, p.357; n.7, p.51",Cintia,8/10/2018,(-46.632912086732 -23.5503220871549),8.0,2.0,1909.0,7.0,12.0,1939.0
66,14,8.0,8,"Livro de Emplacamento, n.21, p.357; n.7, p.51",Cintia,8/10/2018,(-46.632912086732 -23.5503220871549),7.0,2.0,1909.0,7.0,12.0,1939.0
67,14,224.0,224,"Livro de Emplacamento, n.21, p.357; n.7, p.51",Cintia,8/10/2018,(-46.6334265356435 -23.5513457761639),7.0,12.0,1939.0,,,
68,14,50.0,50,"Livro de Emplacamento, n.21, p.357; n.7, p.51",Cintia,8/10/2018,(-46.6334265356435 -23.5513457761639),8.0,2.0,1909.0,7.0,12.0,1939.0
69,14,40.0,40,"Livro de Emplacamento, n.21, p.357; n.7, p.51",Cintia,8/10/2018,(-46.6334265356435 -23.5513457761639),7.0,2.0,1909.0,7.0,12.0,1939.0
70,14,360.0,360,"Livro de Emplacamento, n.21, p.357; n.7, p.51",Cintia,8/10/2018,(-46.6339856213266 -23.5524488068727),7.0,12.0,1939.0,,,
71,14,84.0,84,"Livro de Emplacamento, n.21, p.357; n.7, p.51",Cintia,8/10/2018,(-46.6339856213266 -23.5524488068727),6.0,12.0,1939.0,7.0,12.0,1939.0
72,14,348.0,348,"Livro de Emplacamento, n.21, p.357; n.7, p.51",Cintia,8/10/2018,(-46.6339366710001 -23.5523512880615),7.0,12.0,1939.0,,,
73,14,80.0,80,"Livro de Emplacamento, n.21, p.357; n.7, p.51",Cintia,8/10/2018,(-46.6339366710001 -23.5523512880615),8.0,2.0,1909.0,7.0,12.0,1939.0
74,16,41.0,41,"Livro de Emplacamento, n.26, p.199",Cintia,8/10/2018,(-46.6349758182714 -23.5465955382954),13.0,9.0,1939.0,,,
75,16,5.0,5,"Livro de Emplacamento, n.26, p.199,; n.13,p.31",Cintia,8/10/2018,(-46.6349758182714 -23.5465955382954),16.0,7.0,1928.0,13.0,9.0,1939.0
76,16,7.0,7,"Livro de Emplacamento, n.26, p.199,; n.13,p.31; n.1, p.44",Cintia,8/10/2018,(-46.6349758182714 -23.5465955382954),21.0,6.0,1912.0,13.0,9.0,1939.0
77,16,121.0,121,"Livro de Emplacamento, n.26, p.199,; n.13,p.31; n.1, p.44",Cintia,8/10/2018,(-46.6347679452892 -23.5472898666572),13.0,9.0,1939.0,,,
78,16,17.0,17,"Livro de Emplacamento, n.26, p.199,; n.13,p.31; n.1, p.44",Cintia,8/10/2018,(-46.6347679452892 -23.5472898666572),16.0,7.0,1928.0,13.0,9.0,1939.0
79,16,19.0,19,"Livro de Emplacamento, n.26, p.199,; n.13,p.31; n.1, p.44",Cintia,8/10/2018,(-46.6347679452892 -23.5472898666572),15.0,7.0,1928.0,13.0,9.0,1939.0
80,16,221.0,221,"Livro de Emplacamento, n.26, p.199,; n.13,p.31; n.1, p.44",Cintia,8/10/2018,(-46.6345132699292 -23.5481580178015),13.0,9.0,1939.0,,,
81,16,31.1,31A,"Livro de Emplacamento, n.26, p.199,; n.13,p.31; n.1, p.44",Cintia,8/10/2018,(-46.6345132699292 -23.5481580178015),16.0,7.0,1928.0,13.0,9.0,1939.0
82,16,43.0,43 E/T,"Livro de Emplacamento, n.26, p.199,; n.13,p.31; n.1, p.44",Cintia,8/10/2018,(-46.6345132699292 -23.5481580178015),21.0,6.0,1912.0,13.0,9.0,1939.0
83,16,18.0,18,"Livro de Emplacamento, n.26, p.199,; n.13,p.31; n.1, p.44",Cintia,8/10/2018,(-46.6350396044638 -23.5463972068701),13.0,9.0,1939.0,,,
84,16,2.4,2B,"Livro de Emplacamento, n.26, p.199,; n.13,p.31; n.1, p.44",Cintia,8/10/2018,(-46.6350396044638 -23.5463972068701),16.0,7.0,1928.0,13.0,9.0,1939.0
85,16,8.1,8A E/T,"Livro de Emplacamento, n.26, p.199,; n.13,p.31; n.1, p.44",Cintia,8/10/2018,(-46.6350396044638 -23.5463972068701),15.0,7.0,1928.0,13.0,9.0,1939.0
86,16,112.0,112,"Livro de Emplacamento, n.26, p.199,; n.13,p.31; n.1, p.44",Cintia,8/10/2018,(-46.6347912933417 -23.5472117434426),13.0,9.0,1939.0,,,
87,16,12.0,12,"Livro de Emplacamento, n.26, p.199,; n.13,p.31; n.1, p.44",Cintia,8/10/2018,(-46.6347912933417 -23.5472117434426),16.0,7.0,1928.0,13.0,9.0,1939.0
88,16,24.0,24,"Livro de Emplacamento, n.26, p.199,; n.13,p.31; n.1, p.44",Cintia,8/10/2018,(-46.6347912933417 -23.5472117434426),21.0,6.0,1912.0,13.0,9.0,1939.0
89,16,218.0,218,"Livro de Emplacamento, n.26, p.199,; n.13,p.31; n.1, p.44",Cintia,8/10/2018,(-46.6345196599936 -23.5481316004841),13.0,9.0,1939.0,,,
90,16,26.0,26 sob,"Livro de Emplacamento, n.26, p.199,; n.13,p.31; n.1, p.44",Cintia,8/10/2018,(-46.6345196599936 -23.5481316004841),16.0,7.0,1928.0,13.0,9.0,1939.0
91,16,44.0,44 E/S,"Livro de Emplacamento, n.26, p.199,; n.13,p.31; n.1, p.44",Cintia,8/10/2018,(-46.6345196599936 -23.5481316004841),15.0,7.0,1928.0,13.0,9.0,1939.0
92,17,19.0,19,"Livro de Emplacamento n.21, p.343; n.13,p.85; n.3, p.30",Cintia,8/10/2018,(-46.6344721287014 -23.5463282260149),6.0,11.0,1936.0,,,
93,17,1.0,1,"Livro de Emplacamento n.21, p.343; n.13,p.85; n.3, p.30",Cintia,8/10/2018,(-46.6344721287014 -23.5463282260149),16.0,6.0,1928.0,6.0,11.0,1936.0
94,17,1.0,1 E/T Tinta,"Livro de Emplacamento n.21, p.343; n.13,p.85; n.3, p.30",Cintia,8/10/2018,(-46.6344721287014 -23.5463282260149),15.0,6.0,1928.0,6.0,11.0,1936.0
95,17,39.0,39,"Livro de Emplacamento n.21, p.343; n.13,p.85; n.3, p.30",Cintia,8/10/2018,(-46.6346663833184 -23.5463512691795),6.0,11.0,1936.0,,,
96,17,3.0,3 sob,"Livro de Emplacamento n.21, p.343; n.13,p.85; n.3, p.30",Cintia,8/10/2018,(-46.6346663833184 -23.5463512691795),16.0,6.0,1928.0,6.0,11.0,1936.0
97,17,9.0,9 E/S,"Livro de Emplacamento n.21, p.343; n.13,p.85; n.3, p.30",Cintia,8/10/2018,(-46.6346663833184 -23.5463512691795),15.0,6.0,1928.0,6.0,11.0,1936.0
98,17,14.0,14,"Livro de Emplacamento n.21, p.343; n.13,p.85; n.3, p.30",Cintia,8/10/2018,(-46.6344235672533 -23.5463224465929),6.0,11.0,1936.0,,,
99,17,2.0,2,"Livro de Emplacamento n.21, p.343; n.13,p.85; n.3, p.30",Cintia,8/10/2018,(-46.6344235672533 -23.5463224465929),16.0,6.0,1928.0,6.0,11.0,1936.0
100,17,2.0,2 E/T,"Livro de Emplacamento n.21, p.343; n.13,p.85; n.3, p.30",Cintia,8/10/2018,(-46.6344235672533 -23.5463224465929),15.0,6.0,1928.0,6.0,11.0,1936.0
101,17,58.0,58,"Livro de Emplacamento n.21, p.343; n.13,p.85; n.3, p.30",Cintia,8/10/2018,(-46.634850942671 -23.5463730126808),6.0,11.0,1936.0,,,
102,17,6.0,6,"Livro de Emplacamento n.21, p.343; n.13,p.85; n.3, p.30",Cintia,8/10/2018,(-46.634850942671 -23.5463730126808),16.0,6.0,1928.0,6.0,11.0,1936.0
103,17,10.0,10 E/T,"Livro de Emplacamento n.21, p.343; n.13,p.85; n.3, p.30",Cintia,8/10/2018,(-46.634850942671 -23.5463730126808),15.0,6.0,1928.0,6.0,11.0,1936.0
104,19,63.0,63,"Livro de Emplacamento, n.19, p.222; n.14, p.57",Cintia,8/10/2018,(-46.6347198895022 -23.5476493894437),2.0,1.0,1935.0,,,
105,19,1.0,1,"Livro de Emplacamento, n.19, p.222; n.14, p.57",Cintia,8/10/2018,(-46.6347198895022 -23.5476493894437),22.0,6.0,1928.0,2.0,1.0,1935.0
106,19,1.0,1 E/T,"Livro de Emplacamento, n.19, p.222; n.14, p.57",Cintia,8/10/2018,(-46.6347198895022 -23.5476493894437),21.0,6.0,1928.0,2.0,1.0,1935.0
107,19,113.0,113,"Livro de Emplacamento, n.19, p.222; n.14, p.57",Cintia,8/10/2018,(-46.6352043260801 -23.5477013638418),2.0,1.0,1935.0,,,
108,19,13.0,13 s°,"Livro de Emplacamento, n.19, p.222; n.14, p.57",Cintia,8/10/2018,(-46.6352043260801 -23.5477013638418),22.0,6.0,1928.0,2.0,1.0,1935.0
109,19,13.0,13 E/S,"Livro de Emplacamento, n.19, p.222; n.14, p.57",Cintia,8/10/2018,(-46.6352043260801 -23.5477013638418),21.0,6.0,1928.0,2.0,1.0,1935.0
110,19,161.0,161,"Livro de Emplacamento, n.19, p.222; n.14, p.57",Cintia,8/10/2018,(-46.6356667729937 -23.5477098245497),2.0,1.0,1935.0,,,
111,19,23.0,23,"Livro de Emplacamento, n.19, p.222; n.14, p.57",Cintia,8/10/2018,(-46.6356667729937 -23.5477098245497),22.0,6.0,1928.0,2.0,1.0,1935.0
112,19,23.0,23 tinta,"Livro de Emplacamento, n.19, p.222; n.14, p.57",Cintia,8/10/2018,(-46.6356667729937 -23.5477098245497),21.0,6.0,1928.0,2.0,1.0,1935.0
113,19,18.0,18,"Livro de Emplacamento, n.19, p.222; n.14, p.57",Cintia,8/10/2018,(-46.6342969405508 -23.5475365159247),2.0,1.0,1935.0,,,
114,19,2.0,2 s°,"Livro de Emplacamento, n.19, p.222; n.14, p.57",Cintia,8/10/2018,(-46.6342969405508 -23.5475365159247),22.0,6.0,1928.0,2.0,1.0,1935.0
115,19,2.0,2 E/S,"Livro de Emplacamento, n.19, p.222; n.14, p.57",Cintia,8/10/2018,(-46.6342969405508 -23.5475365159247),21.0,6.0,1928.0,2.0,1.0,1935.0
116,19,114.0,114,"Livro de Emplacamento, n.19, p.222; n.14, p.57",Cintia,8/10/2018,(-46.6352139947959 -23.5477025839391),2.0,1.0,1935.0,,,
117,19,12.0,12,"Livro de Emplacamento, n.19, p.222; n.14, p.57",Cintia,8/10/2018,(-46.6352139947959 -23.5477025839391),22.0,6.0,1928.0,2.0,1.0,1935.0
118,19,10.0,10 E/T,"Livro de Emplacamento, n.19, p.222; n.14, p.57",Cintia,8/10/2018,(-46.6352139947959 -23.5477025839391),21.0,6.0,1928.0,2.0,1.0,1935.0
119,19,162.0,162,"Livro de Emplacamento, n.19, p.222; n.14, p.57",Cintia,8/10/2018,(-46.6356758438958 -23.5477062620454),2.0,1.0,1935.0,,,
120,19,20.0,20 sob,"Livro de Emplacamento, n.19, p.222; n.14, p.57",Cintia,8/10/2018,(-46.6356758438958 -23.5477062620454),22.0,6.0,1928.0,2.0,1.0,1935.0
121,19,18.0,18 E/S,"Livro de Emplacamento, n.19, p.222; n.14, p.57",Cintia,8/10/2018,(-46.6356758438958 -23.5477062620454),21.0,6.0,1928.0,2.0,1.0,1935.0
122,20,11.0,11,"Livro de Emplacamento, n.24, p.205; n.13, p.112",Cintia,8/10/2018,(-46.636748485576 -23.5476462387491),5.0,2.0,1938.0,,,
123,20,1.0,1,"Livro de Emplacamento, n.24, p.205; n.13, p.112",Cintia,8/10/2018,(-46.636748485576 -23.5476462387491),1.0,3.0,1928.0,5.0,2.0,1938.0
124,20,141.0,141,"Livro de Emplacamento, n.24, p.205; n.13, p.112",Cintia,8/10/2018,(-46.6356276914612 -23.5482071506084),5.0,2.0,1938.0,,,
125,20,15.0,15,"Livro de Emplacamento, n.24, p.205; n.13, p.112",Cintia,8/10/2018,(-46.6356276914612 -23.5482071506084),13.0,3.0,1928.0,5.0,2.0,1938.0
126,20,27.0,27 E/T,"Livro de Emplacamento, n.24, p.205; n.13, p.112",Cintia,8/10/2018,(-46.6356276914612 -23.5482071506084),12.0,3.0,1928.0,5.0,2.0,1938.0
127,20,271.0,271,"Livro de Emplacamento, n.24, p.205; n.13, p.112",Cintia,8/10/2018,(-46.6345036107503 -23.5487609895844),5.0,2.0,1938.0,,,
128,20,39.3,39C,"Livro de Emplacamento, n.24, p.205; n.13, p.112",Cintia,8/10/2018,(-46.6345036107503 -23.5487609895844),13.0,3.0,1928.0,5.0,2.0,1938.0
129,20,51.0,51,"Livro de Emplacamento, n.24, p.205; n.13, p.112",Cintia,8/10/2018,(-46.6345036107503 -23.5487609895844),12.0,3.0,1928.0,5.0,2.0,1938.0
130,20,22.0,22,"Livro de Emplacamento, n.24, p.205; n.13, p.112",Cintia,8/10/2018,(-46.636653652907 -23.5476937080269),5.0,2.0,1938.0,,,
131,20,2.0,2,"Livro de Emplacamento, n.24, p.205; n.13, p.112",Cintia,8/10/2018,(-46.636653652907 -23.5476937080269),13.0,3.0,1928.0,5.0,2.0,1938.0
132,20,2.0,2 E/T,"Livro de Emplacamento, n.24, p.205; n.13, p.112",Cintia,8/10/2018,(-46.636653652907 -23.5476937080269),12.0,3.0,1928.0,5.0,2.0,1938.0
133,20,120.0,120,"Livro de Emplacamento, n.24, p.205; n.13, p.112",Cintia,8/10/2018,(-46.6358087479043 -23.5481165519321),5.0,2.0,1938.0,,,
134,20,10.0,10,"Livro de Emplacamento, n.24, p.205; n.13, p.112",Cintia,8/10/2018,(-46.6358087479043 -23.5481165519321),13.0,3.0,1928.0,5.0,2.0,1938.0
135,20,10.1,10A,"Livro de Emplacamento, n.24, p.205; n.13, p.112",Cintia,8/10/2018,(-46.6358087479043 -23.5481165519321),12.0,3.0,1928.0,5.0,2.0,1938.0
136,20,246.0,246,"Livro de Emplacamento, n.24, p.205; n.13, p.112",Cintia,8/10/2018,(-46.6347224092458 -23.54866014399),5.0,2.0,1938.0,,,
137,20,28.1,28 sob,"Livro de Emplacamento, n.24, p.205; n.13, p.112",Cintia,8/10/2018,(-46.6347224092458 -23.54866014399),13.0,3.0,1928.0,5.0,2.0,1938.0
138,20,28.0,28 E/S,"Livro de Emplacamento, n.24, p.205; n.13, p.112",Cintia,8/10/2018,(-46.6347224092458 -23.54866014399),12.0,3.0,1928.0,5.0,2.0,1938.0
139,51,366.0,366,"Livro de Emplacamento, n.21,p.307; n.4, p.39",Cintia,8/10/2018,(-46.6385177664815 -23.5471389184597),6.0,10.0,1936.0,,,
140,51,11.0,11,"Livro de Emplacamento, n.21,p.307; n.4, p.39",Cintia,8/10/2018,(-46.6385177664815 -23.5471389184597),5.0,10.0,1936.0,6.0,10.0,1936.0
141,51,410.0,410,"Livro de Emplacamento, n.21,p.307; n.4, p.39",Cintia,8/10/2018,(-46.6387697132019 -23.5474596872967),6.0,10.0,1936.0,,,
142,51,1.0,1,"Livro de Emplacamento, n.21,p.307; n.4, p.39",Cintia,8/10/2018,(-46.6387697132019 -23.5474596872967),23.0,2.0,1909.0,6.0,10.0,1936.0
143,51,19.0,19,"Livro de Emplacamento, n.21,p.307; n.4, p.39",Cintia,8/10/2018,(-46.6364729031194 -23.5446559449973),6.0,10.0,1936.0,,,
144,51,72.0,72,"Livro de Emplacamento, n.21,p.307; n.4, p.39",Cintia,8/10/2018,(-46.6364729031194 -23.5446559449973),23.0,2.0,1909.0,6.0,10.0,1936.0
145,51,82.3,82C,"Livro de Emplacamento, n.21,p.307; n.4, p.39",Cintia,8/10/2018,(-46.6364729031194 -23.5446559449973),22.0,2.0,1909.0,6.0,10.0,1936.0
146,51,197.0,197,"Livro de Emplacamento, n.21,p.307; n.4, p.39",Cintia,8/10/2018,(-46.6375246367666 -23.5459273650283),6.0,10.0,1936.0,,,
147,51,26.0,26,"Livro de Emplacamento, n.21,p.307; n.4, p.39",Cintia,8/10/2018,(-46.6375246367666 -23.5459273650283),23.0,2.0,1909.0,6.0,10.0,1936.0
148,51,44.0,44 tinta,"Livro de Emplacamento, n.21,p.307; n.4, p.39",Cintia,8/10/2018,(-46.6375246367666 -23.5459273650283),22.0,2.0,1909.0,6.0,10.0,1936.0
149,51,449.0,449,"Livro de Emplacamento, n.21,p.307; n.4, p.39",Cintia,8/10/2018,(-46.6389930296131 -23.5477440051295),6.0,10.0,1936.0,,,
150,51,4.0,4,"Livro de Emplacamento, n.21,p.307; n.4, p.39",Cintia,8/10/2018,(-46.6389930296131 -23.5477440051295),23.0,2.0,1909.0,6.0,10.0,1936.0
151,54,15.0,15,"Livro de Emplacamento n.20, p.154; n.9, p.199",Cintia,8/10/2018,(-46.6389062384889 -23.544756662825),6.0,11.0,1935.0,,,
152,54,1.0,1,"Livro de Emplacamento n.20, p.154; n.9, p.199",Cintia,8/10/2018,(-46.6389062384889 -23.544756662825),20.0,2.0,1909.0,6.0,11.0,1935.0
153,54,113.0,113,"Livro de Emplacamento n.20, p.154; n.9, p.199",Cintia,8/10/2018,(-46.6396326884298 -23.5441830405243),6.0,11.0,1935.0,,,
154,54,27.0,27,"Livro de Emplacamento n.20, p.154; n.9, p.199",Cintia,8/10/2018,(-46.6396326884298 -23.5441830405243),20.0,2.0,1909.0,6.0,11.0,1935.0
155,54,281.0,281,"Livro de Emplacamento n.20, p.154; n.9, p.199",Cintia,8/10/2018,(-46.6408729717083 -23.5431933655944),6.0,11.0,1935.0,,,
156,54,69.0,69,"Livro de Emplacamento n.20, p.154; n.9, p.199",Cintia,8/10/2018,(-46.6408729717083 -23.5431933655944),5.0,11.0,1935.0,6.0,11.0,1935.0
157,54,32.0,32,"Livro de Emplacamento n.20, p.154; n.9, p.199",Cintia,8/10/2018,(-46.6390322553154 -23.5446571569157),6.0,11.0,1935.0,,,
158,54,4.0,4,"Livro de Emplacamento n.20, p.154; n.9, p.199",Cintia,8/10/2018,(-46.6390322553154 -23.5446571569157),20.0,2.0,1909.0,6.0,11.0,1935.0
159,54,196.0,196,"Livro de Emplacamento n.20, p.154; n.9, p.199",Cintia,8/10/2018,(-46.6402472842896 -23.5436963812688),6.0,11.0,1935.0,,,
160,54,42.0,42,"Livro de Emplacamento n.20, p.154; n.9, p.199",Cintia,8/10/2018,(-46.6402472842896 -23.5436963812688),20.0,2.0,1909.0,6.0,11.0,1935.0
161,54,44.0,44,"Livro de Emplacamento n.20, p.154; n.9, p.199",Cintia,8/10/2018,(-46.6402472842896 -23.5436963812688),19.0,2.0,1909.0,6.0,11.0,1935.0
162,54,262.0,262,"Livro de Emplacamento n.20, p.154; n.9, p.199",Cintia,8/10/2018,(-46.6407341916445 -23.5433071411392),6.0,11.0,1935.0,,,
163,54,50.2,50 sob,"Livro de Emplacamento n.20, p.154; n.9, p.199",Cintia,8/10/2018,(-46.6407341916445 -23.5433071411392),20.0,2.0,1909.0,6.0,11.0,1935.0
164,55,11.0,11,"Livro de Emplacamento n.25, p.120; n.8, p.128",Cintia,8/10/2018,(-46.6370079948141 -23.5494968492351),21.0,9.0,1938.0,,,
165,55,3.0,3,"Livro de Emplacamento n.25, p.120; n.8, p.128",Cintia,8/10/2018,(-46.6370079948141 -23.5494968492351),19.0,3.0,1909.0,21.0,9.0,1938.0
166,55,49.0,49,"Livro de Emplacamento n.25, p.120; n.8, p.128",Cintia,8/10/2018,(-46.6373546891705 -23.5493982230673),21.0,9.0,1938.0,,,
167,55,11.3,11B,"Livro de Emplacamento n.25, p.120; n.8, p.128",Cintia,8/10/2018,(-46.6373546891705 -23.5493982230673),20.0,9.0,1938.0,21.0,9.0,1938.0
168,55,115.0,115,"Livro de Emplacamento n.25, p.120; n.8, p.128",Cintia,8/10/2018,(-46.6378910519788 -23.5491202225341),21.0,9.0,1938.0,,,
169,55,27.0,27,"Livro de Emplacamento n.25, p.120; n.8, p.128",Cintia,8/10/2018,(-46.6378910519788 -23.5491202225341),19.0,3.0,1909.0,21.0,9.0,1938.0
170,55,52.0,52,"Livro de Emplacamento n.25, p.120; n.8, p.128",Cintia,8/10/2018,(-46.637382222822 -23.5493910155749),21.0,9.0,1938.0,,,
171,55,20.0,20,"Livro de Emplacamento n.25, p.120; n.8, p.128",Cintia,8/10/2018,(-46.637382222822 -23.5493910155749),19.0,3.0,1909.0,21.0,9.0,1938.0
172,55,92.0,92,"Livro de Emplacamento n.25, p.120; n.8, p.128",Cintia,8/10/2018,(-46.6377352336402 -23.5492729750318),21.0,9.0,1938.0,,,
173,55,24.0,24,"Livro de Emplacamento n.25, p.120; n.8, p.128",Cintia,8/10/2018,(-46.6377352336402 -23.5492729750318),20.0,9.0,1938.0,21.0,9.0,1938.0
174,55,118.0,118,"Livro de Emplacamento n.25, p.120; n.8, p.128",Cintia,8/10/2018,(-46.6379115129155 -23.5491004387028),21.0,9.0,1938.0,,,
175,55,32.0,32,"Livro de Emplacamento n.25, p.120; n.8, p.128",Cintia,8/10/2018,(-46.6379115129155 -23.5491004387028),20.0,9.0,1938.0,21.0,9.0,1938.0
176,56,7.0,7,"Livro de Emplacamento, n.19, p.171",Cintia,09/10/2018,(-46.6358099995395 -23.5490393514254),22.0,8.0,1934.0,,,
177,56,61.0,61,"Livro de Emplacamento, n.19, p.171",Cintia,09/10/2018,(-46.6361118419239 -23.5494298508512),22.0,8.0,1934.0,,,
178,56,18.0,18,"Livro de Emplacamento, n.19, p.171",Cintia,09/10/2018,(-46.6358547404644 -23.5491265382933),22.0,8.0,1934.0,,,
179,56,2.0,2,"Livro de Emplacamento, n.19, p.171",Cintia,09/10/2018,(-46.6358547404644 -23.5491265382933),21.0,8.0,1934.0,22.0,8.0,1934.0
180,56,44.0,44,"Livro de Emplacamento, n.19, p.171",Cintia,09/10/2018,(-46.636008345427 -23.5493114935685),22.0,8.0,1934.0,,,
181,56,10.0,10,"Livro de Emplacamento, n.19, p.171",Cintia,09/10/2018,(-46.636008345427 -23.5493114935685),21.0,8.0,1934.0,22.0,8.0,1934.0
182,59,33.0,33,"Livro de Emplacamento, n.28, p.127",Cintia,09/10/2018,(-46.6365897566824 -23.5503229118151),14.0,3.0,1941.0,,,
183,59,51.0,51,"Livro de Emplacamento, n.28, p.127",Cintia,09/10/2018,(-46.6365202908899 -23.550174954142),14.0,3.0,1941.0,,,
184,59,1.0,1,"Livro de Emplacamento, n.28, p.127",Cintia,09/10/2018,(-46.6365202908899 -23.550174954142),13.0,3.0,1941.0,14.0,3.0,1941.0
185,59,63.0,63,"Livro de Emplacamento, n.28, p.127",Cintia,09/10/2018,(-46.6364769686242 -23.5500750286098),14.0,3.0,1941.0,,,
186,59,3.0,3s°,"Livro de Emplacamento, n.28, p.127",Cintia,09/10/2018,(-46.6364769686242 -23.5500750286098),13.0,3.0,1941.0,14.0,3.0,1941.0
187,65,48.0,48,"Livro de Emplacamento n.27, p.182; n.13, p.33; n.1, p.43; n.1, p.11",Cintia,09/10/2018,(-46.6407530364317 -23.5485006598135),7.0,8.0,1940.0,,,
188,65,2.0,2,"Livro de Emplacamento n.27, p.182; n.13, p.33; n.1, p.43; n.1, p.11",Cintia,09/10/2018,(-46.6407530364317 -23.5485006598135),12.0,7.0,1928.0,7.0,8.0,1940.0
189,65,59.0,59,"Livro de Emplacamento n.27, p.182; n.13, p.33; n.1, p.43; n.1, p.11",Cintia,09/10/2018,(-46.6407530364317 -23.5485006598135),17.0,6.0,1908.0,7.0,8.0,1940.0
190,65,51.0,51,"Livro de Emplacamento n.27, p.182; n.13, p.33; n.1, p.43; n.1, p.11",Cintia,09/10/2018,(-46.6407530364317 -23.5485006598135),16.0,6.0,1908.0,7.0,8.0,1940.0
191,65,272.0,272,"Livro de Emplacamento n.27, p.182; n.13, p.33; n.1, p.43; n.1, p.11",Cintia,09/10/2018,(-46.6427417116771 -23.549307124003),7.0,8.0,1940.0,,,
192,65,64.1,64A,"Livro de Emplacamento n.27, p.182; n.13, p.33; n.1, p.43; n.1, p.11",Cintia,09/10/2018,(-46.6427417116771 -23.549307124003),12.0,7.0,1928.0,7.0,8.0,1940.0
193,65,1.0,1 E/T,"Livro de Emplacamento n.27, p.182; n.13, p.33; n.1, p.43; n.1, p.11",Cintia,09/10/2018,(-46.6427417116771 -23.549307124003),11.0,7.0,1928.0,7.0,8.0,1940.0
194,65,246.0,246,"Livro de Emplacamento n.27, p.182; n.13, p.33; n.1, p.43; n.1, p.11",Cintia,09/10/2018,(-46.6425156227053 -23.549196931518),7.0,8.0,1940.0,,,
195,65,62.0,62,"Livro de Emplacamento n.27, p.182; n.13, p.33; n.1, p.43; n.1, p.11",Cintia,09/10/2018,(-46.6425156227053 -23.549196931518),12.0,7.0,1928.0,7.0,8.0,1940.0
196,65,3.0,3,"Livro de Emplacamento n.27, p.182; n.13, p.33; n.1, p.43; n.1, p.11",Cintia,09/10/2018,(-46.6425156227053 -23.549196931518),17.0,6.0,1908.0,7.0,8.0,1940.0
197,65,75.0,75,"Livro de Emplacamento n.27, p.182; n.13, p.33; n.1, p.43; n.1, p.11",Cintia,09/10/2018,(-46.6410118825043 -23.5485355445114),7.0,8.0,1940.0,,,
198,65,1.0,1,"Livro de Emplacamento n.27, p.182; n.13, p.33; n.1, p.43; n.1, p.11",Cintia,09/10/2018,(-46.6410118825043 -23.5485355445114),12.0,7.0,1928.0,7.0,8.0,1940.0
199,65,52.0,52,"Livro de Emplacamento n.27, p.182; n.13, p.33; n.1, p.43; n.1, p.11",Cintia,09/10/2018,(-46.6410118825043 -23.5485355445114),11.0,7.0,1928.0,7.0,8.0,1940.0
200,65,111.0,111,"Livro de Emplacamento n.27, p.182; n.13, p.33; n.1, p.43; n.1, p.11",Cintia,09/10/2018,(-46.641347660277 -23.5486128202455),7.0,8.0,1940.0,,,
201,65,7.0,7,"Livro de Emplacamento n.27, p.182; n.13, p.33; n.1, p.43; n.1, p.11",Cintia,09/10/2018,(-46.641347660277 -23.5486128202455),12.0,7.0,1928.0,7.0,8.0,1940.0
202,65,48.0,48,"Livro de Emplacamento n.27, p.182; n.13, p.33; n.1, p.43; n.1, p.11",Cintia,09/10/2018,(-46.641347660277 -23.5486128202455),22.0,5.0,1912.0,7.0,8.0,1940.0
203,65,28.0,28,"Livro de Emplacamento n.27, p.182; n.13, p.33; n.1, p.43; n.1, p.11",Cintia,09/10/2018,(-46.641347660277 -23.5486128202455),21.0,5.0,1912.0,7.0,8.0,1940.0
204,65,219.0,219,"Livro de Emplacamento n.27, p.182; n.13, p.33; n.1, p.43; n.1, p.11",Cintia,09/10/2018,(-46.6422808380037 -23.5490825008605),7.0,8.0,1940.0,,,
205,65,35.0,35,"Livro de Emplacamento n.27, p.182; n.13, p.33; n.1, p.43; n.1, p.11",Cintia,09/10/2018,(-46.6422808380037 -23.5490825008605),12.0,7.0,1928.0,7.0,8.0,1940.0
206,65,18.0,18,"Livro de Emplacamento n.27, p.182; n.13, p.33; n.1, p.43; n.1, p.11",Cintia,09/10/2018,(-46.6422808380037 -23.5490825008605),22.0,3.0,1912.0,7.0,8.0,1940.0
207,69,44.0,44,"Livro de Emplacamento, n.20, p.297; n.17, p.64; n.2, p.8",Cintia,09/10/2018,(-46.6413645446993 -23.5463385113204),14.0,1.0,1936.0,,,
208,69,2.0,2,"Livro de Emplacamento, n.20, p.297; n.17, p.64; n.2, p.8",Cintia,09/10/2018,(-46.6413645446993 -23.5463385113204),8.0,8.0,1930.0,14.0,1.0,1936.0
209,69,50.0,50,"Livro de Emplacamento, n.20, p.297; n.17, p.64; n.2, p.8",Cintia,09/10/2018,(-46.6413675329905 -23.5463929045183),14.0,1.0,1936.0,,,
210,69,2.1,2A,"Livro de Emplacamento, n.20, p.297; n.17, p.64; n.2, p.8",Cintia,09/10/2018,(-46.6413675329905 -23.5463929045183),8.0,8.0,1930.0,14.0,1.0,1936.0
211,69,96.0,96,"Livro de Emplacamento, n.20, p.297; n.17, p.64; n.2, p.8",Cintia,09/10/2018,(-46.6413742247775 -23.5468103646348),14.0,1.0,1936.0,,,
212,69,18.0,18,"Livro de Emplacamento, n.20, p.297; n.17, p.64; n.2, p.8",Cintia,09/10/2018,(-46.6413742247775 -23.5468103646348),8.0,8.0,1930.0,14.0,1.0,1936.0
213,69,186.0,186,"Livro de Emplacamento, n.20, p.297; n.17, p.64; n.2, p.8",Cintia,09/10/2018,(-46.6413738227098 -23.5476274916648),14.0,1.0,1936.0,,,
214,69,44.1,44-A,"Livro de Emplacamento, n.20, p.297; n.17, p.64; n.2, p.8",Cintia,09/10/2018,(-46.6413738227098 -23.5476274916648),8.0,8.0,1930.0,14.0,1.0,1936.0
215,69,46.0,46ª,"Livro de Emplacamento, n.20, p.297; n.17, p.64; n.2, p.8",Cintia,09/10/2018,(-46.6413738227098 -23.5476274916648),20.0,2.0,1908.0,14.0,1.0,1936.0
216,69,33.0,33,"Livro de Emplacamento, n.20, p.297; n.17, p.64; n.2, p.8",Cintia,09/10/2018,(-46.6412901949562 -23.5462798418786),14.0,1.0,1936.0,,,
217,69,1.0,1,"Livro de Emplacamento, n.20, p.297; n.17, p.64; n.2, p.8",Cintia,09/10/2018,(-46.6412901949562 -23.5462798418786),20.0,2.0,1908.0,14.0,1.0,1936.0
218,69,125.0,125,"Livro de Emplacamento, n.20, p.297; n.17, p.64; n.2, p.8",Cintia,09/10/2018,(-46.6413743899217 -23.5470736614914),14.0,1.0,1936.0,,,
219,69,15.0,15,"Livro de Emplacamento, n.20, p.297; n.17, p.64; n.2, p.8",Cintia,09/10/2018,(-46.6413743899217 -23.5470736614914),20.0,2.0,1908.0,14.0,1.0,1936.0
220,69,183.0,183,"Livro de Emplacamento, n.20, p.297; n.17, p.64; n.2, p.8",Cintia,09/10/2018,(-46.6413739080433 -23.5476002541872),14.0,1.0,1936.0,,,
221,69,31.0,31,"Livro de Emplacamento, n.20, p.297; n.17, p.64; n.2, p.8",Cintia,09/10/2018,(-46.6413739080433 -23.5476002541872),8.0,8.0,1930.0,14.0,1.0,1936.0
222,69,27.0,27,"Livro de Emplacamento, n.20, p.297; n.17, p.64; n.2, p.8",Cintia,09/10/2018,(-46.6413739080433 -23.5476002541872),20.0,2.0,1909.0,14.0,1.0,1936.0
223,69,25.0,25,"Livro de Emplacamento, n.20, p.297; n.17, p.64; n.2, p.8",Cintia,09/10/2018,(-46.6413739080433 -23.5476002541872),19.0,2.0,1909.0,14.0,1.0,1936.0
224,73,94.0,94,"Livro de Emplacamento, n.25, p.195",Cintia,09/10/2018,(-46.6552320766805 -23.5505970569563),14.0,7.0,1939.0,,,
225,73,16.0,16,"Livro de Emplacamento, n.25, p.195",Cintia,09/10/2018,(-46.6552320766805 -23.5505970569563),20.0,2.0,1909.0,14.0,7.0,1939.0
226,73,1258.0,1258,"Livro de Emplacamento, n.25, p.197",Cintia,09/10/2018,(-46.6446313889133 -23.5476385304349),14.0,7.0,1939.0,,,
227,73,240.0,240,"Livro de Emplacamento, n.25, p.197",Cintia,09/10/2018,(-46.6446313889133 -23.5476385304349),13.0,7.0,1939.0,14.0,7.0,1939.0
228,73,1.0,1,"Livro de Emplacamento, n.25, p.203",Cintia,09/10/2018,(-46.6560327787654 -23.5510119802973),14.0,7.0,1939.0,,,
229,73,3.0,3,"Livro de Emplacamento, n.25, p.203",Cintia,09/10/2018,(-46.6560327787654 -23.5510119802973),13.0,7.0,1939.0,14.0,7.0,1939.0
230,74,57.0,57,"Livro de Emplacamento, n.19, p.95",Cintia,09/10/2018,(-46.6379572894095 -23.5491247366919),28.0,9.0,1933.0,,,
231,74,1.0,1,"Livro de Emplacamento, n.19, p.95",Cintia,09/10/2018,(-46.6379572894095 -23.5491247366919),27.0,9.0,1933.0,28.0,9.0,1933.0
232,74,81.0,81,"Livro de Emplacamento, n.19, p.95",Cintia,09/10/2018,(-46.6381363194909 -23.5492653803427),28.0,9.0,1933.0,,,
233,74,7.1,7A,"Livro de Emplacamento, n.19, p.95",Cintia,09/10/2018,(-46.6381363194909 -23.5492653803427),27.0,9.0,1933.0,28.0,9.0,1933.0
234,74,95.0,95,"Livro de Emplacamento, n.19, p.95",Cintia,09/10/2018,(-46.638240753705 -23.5493474224724),28.0,9.0,1933.0,,,
235,90,87.0,87,"Livro de Emplacamento, n.20, p.74; n.17, p.166; n.1911, p.5; n.9, p.176",Cintia,09/10/2018,(-46.6502368279935 -23.5445178494728),10.0,10.0,1935.0,,,
236,90,1.0,1,"Livro de Emplacamento, n.20, p.74; n.17, p.166; n.1911, p.5; n.9, p.176",Cintia,09/10/2018,(-46.6502368279935 -23.5445178494728),17.0,2.0,1907.0,10.0,10.0,1935.0
237,90,225.0,225,"Livro de Emplacamento, n.20, p.74; n.17, p.166; n.1911, p.5; n.9, p.176",Cintia,09/10/2018,(-46.6502618035883 -23.545756165308),10.0,10.0,1935.0,,,
238,90,3.0,3,"Livro de Emplacamento, n.20, p.74; n.17, p.166; n.1911, p.5; n.9, p.176",Cintia,09/10/2018,(-46.6502618035883 -23.545756165308),17.0,2.0,1907.0,10.0,10.0,1935.0
239,90,5.0,5,"Livro de Emplacamento, n.20, p.74; n.17, p.166; n.1911, p.5; n.9, p.176",Cintia,09/10/2018,(-46.6502618035883 -23.545756165308),16.0,2.0,1907.0,10.0,10.0,1935.0
240,90,327.0,327,"Livro de Emplacamento, n.20, p.74; n.17, p.166; n.1911, p.5; n.9, p.176",Cintia,09/10/2018,(-46.6502870067984 -23.5466707138917),10.0,10.0,1935.0,,,
241,90,29.0,29,"Livro de Emplacamento, n.20, p.74; n.17, p.166; n.1911, p.5; n.9, p.176",Cintia,09/10/2018,(-46.6502870067984 -23.5466707138917),5.0,7.0,1911.0,10.0,10.0,1935.0
242,90,321.0,321,"Livro de Emplacamento, n.20, p.74; n.17, p.166; n.1911, p.5; n.9, p.176",Cintia,09/10/2018,(-46.6502835469901 -23.5466175212391),10.0,10.0,1935.0,,,
243,90,27.0,27,"Livro de Emplacamento, n.20, p.74; n.17, p.166; n.1911, p.5; n.9, p.176",Cintia,09/10/2018,(-46.6502835469901 -23.5466175212391),17.0,2.0,1907.0,10.0,10.0,1935.0
244,90,24.0,24,"Livro de Emplacamento, n.20, p.74; n.17, p.166; n.1911, p.5; n.9, p.176",Cintia,09/10/2018,(-46.6502198082424 -23.5439526575682),10.0,10.0,1935.0,,,
245,90,2.0,2A,"Livro de Emplacamento, n.20, p.74; n.17, p.166; n.1911, p.5; n.9, p.176",Cintia,09/10/2018,(-46.6502198082424 -23.5439526575682),9.0,10.0,1935.0,10.0,10.0,1935.0
246,90,150.0,150,"Livro de Emplacamento, n.20, p.74; n.17, p.166; n.1911, p.5; n.9, p.176",Cintia,09/10/2018,(-46.6502460920486 -23.5450832127369),10.0,10.0,1935.0,,,
247,90,2.0,2,"Livro de Emplacamento, n.20, p.74; n.17, p.166; n.1911, p.5; n.9, p.176",Cintia,09/10/2018,(-46.6502460920486 -23.5450832127369),17.0,2.0,1907.0,10.0,10.0,1935.0
248,90,2.0,2 tinta,"Livro de Emplacamento, n.20, p.74; n.17, p.166; n.1911, p.5; n.9, p.176",Cintia,09/10/2018,(-46.6502460920486 -23.5450832127369),16.0,2.0,1907.0,10.0,10.0,1935.0
249,90,314.0,314,"Livro de Emplacamento, n.20, p.74; n.17, p.166; n.1911, p.5; n.9, p.176",Cintia,09/10/2018,(-46.6502821702286 -23.5465547087582),10.0,10.0,1935.0,,,
250,90,300.0,300,"Livro de Emplacamento, n.20, p.74; n.17, p.166; n.1911, p.5; n.9, p.176",Cintia,09/10/2018,(-46.6502794167056 -23.5464290837965),10.0,10.0,1935.0,,,
251,90,26.0,26,"Livro de Emplacamento, n.20, p.74; n.17, p.166; n.1911, p.5; n.9, p.176",Cintia,09/10/2018,(-46.6502794167056 -23.5464290837965),17.0,9.0,1934.0,10.0,10.0,1935.0
252,91,45.0,45,"Livro de Emplacamento, n.20, p.84",Cintia,10/10/2018,(-46.6483344736165 -23.5461934079979),4.0,10.0,1935.0,,,
253,91,3.0,3t,"Livro de Emplacamento, n.20, p.84",Cintia,10/10/2018,(-46.6483344736165 -23.5461934079979),3.0,10.0,1935.0,4.0,10.0,1935.0
254,91,67.0,67,"Livro de Emplacamento, n.20, p.84",Cintia,10/10/2018,(-46.6485498536391 -23.5461879391633),4.0,10.0,1935.0,,,
255,91,11.0,11,"Livro de Emplacamento, n.20, p.84",Cintia,10/10/2018,(-46.6485498536391 -23.5461879391633),3.0,10.0,1935.0,4.0,10.0,1935.0
256,91,83.0,83,"Livro de Emplacamento, n.20, p.84",Cintia,10/10/2018,(-46.6487064936556 -23.546183961829),4.0,10.0,1935.0,,,
257,91,17.0,17,"Livro de Emplacamento, n.20, p.84",Cintia,10/10/2018,(-46.6487064936556 -23.546183961829),3.0,10.0,1935.0,4.0,10.0,1935.0
258,92,37.0,37,"Livro de Emplacamento, n.20, p.83A; n.6, p.82",Cintia,10/10/2018,(-46.6482892560116 -23.547156122516),4.0,10.0,1935.0,,,
259,92,3.0,3,"Livro de Emplacamento, n.20, p.83A; n.6, p.82",Cintia,10/10/2018,(-46.6482892560116 -23.547156122516),12.0,9.0,1908.0,4.0,10.0,1935.0
260,92,55.0,55,"Livro de Emplacamento, n.20, p.83A; n.6, p.82",Cintia,10/10/2018,(-46.6484654723976 -23.5471514893158),4.0,10.0,1935.0,,,
261,92,9.0,9,"Livro de Emplacamento, n.20, p.83A; n.6, p.82",Cintia,10/10/2018,(-46.6484654723976 -23.5471514893158),12.0,9.0,1908.0,4.0,10.0,1935.0
262,92,5.0,5,"Livro de Emplacamento, n.20, p.83A; n.6, p.82",Cintia,10/10/2018,(-46.6484654723976 -23.5471514893158),11.0,9.0,1908.0,4.0,10.0,1935.0
263,92,87.0,87,"Livro de Emplacamento, n.20, p.83A; n.6, p.82",Cintia,10/10/2018,(-46.6487787459727 -23.5471432525155),4.0,10.0,1935.0,,,
264,92,17.0,17,"Livro de Emplacamento, n.20, p.83A; n.6, p.82",Cintia,10/10/2018,(-46.6487787459727 -23.5471432525155),12.0,9.0,1908.0,4.0,10.0,1935.0
265,92,44.0,44,"Livro de Emplacamento, n.20, p.83A; n.6, p.82",Cintia,10/10/2018,(-46.6483577846062 -23.547154320716),4.0,10.0,1935.0,,,
266,92,2.0,2,"Livro de Emplacamento, n.20, p.83A; n.6, p.82",Cintia,10/10/2018,(-46.6483577846062 -23.547154320716),3.0,10.0,1935.0,4.0,10.0,1935.0
267,92,64.0,64,"Livro de Emplacamento, n.20, p.83A; n.6, p.82",Cintia,10/10/2018,(-46.6485535805906 -23.5471491727157),4.0,10.0,1935.0,,,
268,92,6.0,6,"Livro de Emplacamento, n.20, p.83A; n.6, p.82",Cintia,10/10/2018,(-46.6485535805906 -23.5471491727157),3.0,10.0,1935.0,4.0,10.0,1935.0
269,95,19.0,19,"Livro de Emplacamento n.20, p.357; n.17, p.87; n.3, p.16",Cintia,10/10/2018,(-46.6477248944284 -23.55122369597),18.0,2.0,1936.0,,,
270,95,1.0,1,"Livro de Emplacamento n.20, p.357; n.17, p.87; n.3, p.16",Cintia,10/10/2018,(-46.6477248944284 -23.55122369597),19.0,8.0,1911.0,18.0,2.0,1936.0
271,95,79.0,79,"Livro de Emplacamento n.20, p.357; n.17, p.87; n.3, p.16",Cintia,10/10/2018,(-46.6479161757908 -23.5507149538743),18.0,2.0,1936.0,,,
272,95,15.0,15,"Livro de Emplacamento n.20, p.357; n.17, p.87; n.3, p.16",Cintia,10/10/2018,(-46.6479161757908 -23.5507149538743),20.0,9.0,1930.0,18.0,2.0,1936.0
273,95,383.0,383,"Livro de Emplacamento n.20, p.357; n.17, p.87; n.3, p.16",Cintia,10/10/2018,(-46.6488932481824 -23.5481404761589),18.0,2.0,1936.0,,,
274,95,63.0,63,"Livro de Emplacamento n.20, p.357; n.17, p.87; n.3, p.16",Cintia,10/10/2018,(-46.6488932481824 -23.5481404761589),20.0,9.0,1930.0,18.0,2.0,1936.0
275,95,65.0,65,"Livro de Emplacamento n.20, p.357; n.17, p.87; n.3, p.16",Cintia,10/10/2018,(-46.6488932481824 -23.5481404761589),19.0,9.0,1930.0,18.0,2.0,1936.0
276,95,50.0,50,"Livro de Emplacamento n.20, p.358; n.17, p.87; n.3, p.16",Cintia,10/10/2018,(-46.6478237231323 -23.5509608458872),18.0,2.0,1936.0,,,
277,95,2.0,2,"Livro de Emplacamento n.20, p.358; n.17, p.87; n.3, p.16",Cintia,10/10/2018,(-46.6478237231323 -23.5509608458872),20.0,9.0,1930.0,18.0,2.0,1936.0
278,95,370.0,370,"Livro de Emplacamento n.20, p.358; n.17, p.87; n.3, p.16",Cintia,10/10/2018,(-46.6488545944418 -23.5482517128865),18.0,2.0,1936.0,,,
279,95,34.0,34,"Livro de Emplacamento n.20, p.358; n.17, p.87; n.3, p.16",Cintia,10/10/2018,(-46.6488545944418 -23.5482517128865),20.0,9.0,1930.0,18.0,2.0,1936.0
280,95,48.0,48 tinta,"Livro de Emplacamento n.20, p.358; n.17, p.87; n.3, p.16",Cintia,10/10/2018,(-46.6488545944418 -23.5482517128865),19.0,9.0,1930.0,18.0,2.0,1936.0
281,98,37.0,37,"Livro de Emplacamento, n.20, p.378; n.11, p.27; p.1, p.87; n.1, p.54; n.1, p.14",Cintia,10/10/2018,(-46.6557796459694 -23.5540086815456),21.0,2.0,1936.0,,,
282,98,3.0,3,"Livro de Emplacamento, n.20, p.378; n.11, p.27; p.1, p.87; n.1, p.54; n.1, p.14",Cintia,10/10/2018,(-46.6557796459694 -23.5540086815456),3.0,1.0,1925.0,21.0,2.0,1936.0
283,98,66.0,66,"Livro de Emplacamento, n.20, p.378; n.11, p.27; p.1, p.87; n.1, p.54; n.1, p.14",Cintia,10/10/2018,(-46.655574165813 -23.5538191845446),21.0,2.0,1936.0,,,
284,98,8.0,8,"Livro de Emplacamento, n.20, p.378; n.11, p.27; p.1, p.87; n.1, p.54; n.1, p.14",Cintia,10/10/2018,(-46.655574165813 -23.5538191845446),27.0,6.0,1927.0,21.0,2.0,1936.0
285,98,2.0,2,"Livro de Emplacamento, n.20, p.378; n.11, p.27; p.1, p.87; n.1, p.54; n.1, p.14",Cintia,10/10/2018,(-46.655574165813 -23.5538191845446),18.0,2.0,1914.0,21.0,2.0,1936.0
286,98,1062.0,1062,"Livro de Emplacamento, n.20, p.378; n.11, p.27; p.1, p.87; n.1, p.54; n.1, p.14",Cintia,10/10/2018,(-46.6467739200886 -23.5501707381017),21.0,2.0,1936.0,,,
287,98,202.0,202,"Livro de Emplacamento, n.20, p.378; n.11, p.27; p.1, p.87; n.1, p.54; n.1, p.14",Cintia,10/10/2018,(-46.6467739200886 -23.5501707381017),27.0,6.0,1927.0,21.0,2.0,1936.0
288,98,166.0,166,"Livro de Emplacamento, n.20, p.378; n.11, p.27; p.1, p.87; n.1, p.54; n.1, p.14",Cintia,10/10/2018,(-46.6467739200886 -23.5501707381017),18.0,2.0,1914.0,21.0,2.0,1936.0
289,98,112.0,112,"Livro de Emplacamento, n.20, p.378; n.11, p.27; p.1, p.87; n.1, p.54; n.1, p.14",Cintia,10/10/2018,(-46.6467739200886 -23.5501707381017),13.0,4.0,1908.0,21.0,2.0,1936.0
290,98,104.0,104,"Livro de Emplacamento, n.20, p.378; n.11, p.27; p.1, p.87; n.1, p.54; n.1, p.14",Cintia,10/10/2018,(-46.6467739200886 -23.5501707381017),12.0,4.0,1908.0,21.0,2.0,1936.0
291,101,48.0,48,"Livro de Emplacamento, n.20, p.286; n.11, p.54",Cintia,10/10/2018,(-46.6468043153354 -23.5497240584242),10.0,1.0,1936.0,,,
292,101,10.0,10,"Livro de Emplacamento, n.20, p.286; n.11, p.54",Cintia,10/10/2018,(-46.6468043153354 -23.5497240584242),26.0,1.0,1911.0,10.0,1.0,1936.0
293,101,2.0,2 tinta,"Livro de Emplacamento, n.20, p.286; n.11, p.54",Cintia,10/10/2018,(-46.6468043153354 -23.5497240584242),25.0,1.0,1911.0,10.0,1.0,1936.0
294,101,92.0,92,"Livro de Emplacamento, n.20, p.286; n.11, p.54",Cintia,10/10/2018,(-46.6469429413765 -23.5493506269053),10.0,1.0,1936.0,,,
295,101,26.0,26,"Livro de Emplacamento, n.20, p.286; n.11, p.54",Cintia,10/10/2018,(-46.6469429413765 -23.5493506269053),26.0,1.0,1911.0,10.0,1.0,1936.0
296,101,10.0,10,"Livro de Emplacamento, n.20, p.286; n.11, p.54",Cintia,10/10/2018,(-46.6469429413765 -23.5493506269053),25.0,1.0,1911.0,10.0,1.0,1936.0
297,101,152.0,152,"Livro de Emplacamento, n.20, p.286; n.11, p.54",Cintia,10/10/2018,(-46.6471319768871 -23.5488414021068),10.0,1.0,1936.0,,,
298,101,40.0,40,"Livro de Emplacamento, n.20, p.286; n.11, p.54",Cintia,10/10/2018,(-46.6471319768871 -23.5488414021068),26.0,1.0,1911.0,10.0,1.0,1936.0
299,101,24.0,24,"Livro de Emplacamento, n.20, p.286; n.11, p.54",Cintia,10/10/2018,(-46.6471319768871 -23.5488414021068),25.0,1.0,1911.0,10.0,1.0,1936.0
300,101,252.0,252,"Livro de Emplacamento, n.20, p.286; n.11, p.54",Cintia,10/10/2018,(-46.6474470360715 -23.5479926941093),10.0,1.0,1936.0,,,
301,101,52.0,52,"Livro de Emplacamento, n.20, p.286; n.11, p.54",Cintia,10/10/2018,(-46.6474470360715 -23.5479926941093),9.0,1.0,1936.0,10.0,1.0,1936.0
302,101,39.0,39,"Livro de Emplacamento, n.20, p.286; n.11, p.54",Cintia,10/10/2018,(-46.6467759600088 -23.549800442144),10.0,1.0,1936.0,,,
303,101,1.0,1,"Livro de Emplacamento, n.20, p.286; n.11, p.54",Cintia,10/10/2018,(-46.6467759600088 -23.549800442144),26.0,1.0,1911.0,10.0,1.0,1936.0
304,101,59.0,59,"Livro de Emplacamento, n.20, p.286; n.11, p.54",Cintia,10/10/2018,(-46.6468389718457 -23.5496307005445),10.0,1.0,1936.0,,,
305,101,9.0,9,"Livro de Emplacamento, n.20, p.286; n.11, p.54",Cintia,10/10/2018,(-46.6468389718457 -23.5496307005445),26.0,1.0,1911.0,10.0,1.0,1936.0
306,117,19.0,19,"Livro de Emplacamento, n.21, p.177; n.13, n.13, p.29",Cintia,10/10/2018,(-46.652689938258 -23.5402155841468),30.0,6.0,1936.0,,,
307,117,1.0,1,"Livro de Emplacamento, n.21, p.177; n.13, n.13, p.29",Cintia,10/10/2018,(-46.652689938258 -23.5402155841468),17.0,9.0,1928.0,10.0,1.0,1936.0
308,117,109.0,109,"Livro de Emplacamento, n.21, p.177; n.13, n.13, p.29",Cintia,10/10/2018,(-46.6529295725081 -23.5409829243838),30.0,6.0,1936.0,,,
309,117,23.0,23,"Livro de Emplacamento, n.21, p.177; n.13, n.13, p.29",Cintia,10/10/2018,(-46.6529295725081 -23.5409829243838),17.0,9.0,1928.0,10.0,1.0,1936.0
310,117,21.0,21,"Livro de Emplacamento, n.21, p.177; n.13, n.13, p.29",Cintia,10/10/2018,(-46.6529295725081 -23.5409829243838),16.0,9.0,1928.0,10.0,1.0,1936.0
311,117,245.0,245,"Livro de Emplacamento, n.21, p.177; n.13, n.13, p.29",Cintia,10/10/2018,(-46.653132419912 -23.5421845155406),30.0,6.0,1936.0,,,
312,117,41.0,41,"Livro de Emplacamento, n.21, p.177; n.13, n.13, p.29",Cintia,10/10/2018,(-46.653132419912 -23.5421845155406),17.0,9.0,1928.0,10.0,1.0,1936.0
313,117,43.0,43,"Livro de Emplacamento, n.21, p.177; n.13, n.13, p.29",Cintia,10/10/2018,(-46.653132419912 -23.5421845155406),16.0,9.0,1928.0,10.0,1.0,1936.0
314,117,52.0,52,"Livro de Emplacamento, n.21, p.178; n.13, n.13, p.29",Cintia,10/10/2018,(-46.6527786916839 -23.5404997842346),30.0,6.0,1936.0,,,
315,117,2.0,2,"Livro de Emplacamento, n.21, p.178; n.13, n.13, p.29",Cintia,10/10/2018,(-46.6527786916839 -23.5404997842346),17.0,9.0,1928.0,10.0,1.0,1936.0
316,117,164.0,164,"Livro de Emplacamento, n.21, p.178; n.13, n.13, p.29",Cintia,10/10/2018,(-46.6530791085834 -23.5414617584711),30.0,6.0,1936.0,,,
317,117,20.0,20,"Livro de Emplacamento, n.21, p.178; n.13, n.13, p.29",Cintia,10/10/2018,(-46.6530791085834 -23.5414617584711),17.0,9.0,1928.0,10.0,1.0,1936.0
318,117,22.0,22,"Livro de Emplacamento, n.21, p.178; n.13, n.13, p.29",Cintia,10/10/2018,(-46.6530791085834 -23.5414617584711),16.0,9.0,1928.0,10.0,1.0,1936.0
319,117,456.0,456,"Livro de Emplacamento, n.21, p.178; n.13, n.13, p.29",Cintia,10/10/2018,(-46.6534059385444 -23.5440578153338),30.0,6.0,1936.0,,,
320,117,38.0,38,"Livro de Emplacamento, n.21, p.178; n.13, n.13, p.29",Cintia,10/10/2018,(-46.6534059385444 -23.5440578153338),17.0,9.0,1928.0,10.0,1.0,1936.0
321,118,15.0,15,"Livro de Emplacamento, n.20, p.182; n.11, p.7; n.1, p.32",Cintia,10/10/2018,(-46.6559065335059 -23.5473999391477),13.0,11.0,1936.0,,,
322,118,1.0,1,"Livro de Emplacamento, n.20, p.182; n.11, p.7; n.1, p.32",Cintia,10/10/2018,(-46.6559065335059 -23.5473999391477),30.0,6.0,1927.0,10.0,1.0,1936.0
323,118,12.0,12,"Livro de Emplacamento, n.20, p.183; n.11, p.7; n.1, p.32",Cintia,10/10/2018,(-46.6559438573079 -23.5473841545796),13.0,11.0,1936.0,,,
324,118,2.0,2,"Livro de Emplacamento, n.20, p.183; n.11, p.7; n.1, p.32",Cintia,10/10/2018,(-46.6559438573079 -23.5473841545796),30.0,6.0,1927.0,10.0,1.0,1936.0
325,136,245.0,245,"Livro de Emplacamento, n.21, p.150; n.8, p.139",Cintia,10/10/2018,(-46.6267537598962 -23.5426979031547),28.0,5.0,1936.0,,,
326,136,1.0,1,"Livro de Emplacamento, n.21, p.150; n.8, p.139",Cintia,10/10/2018,(-46.6267541101879 -23.5426889230732),15.0,1.0,1909.0,10.0,1.0,1936.0
327,136,365.0,365,"Livro de Emplacamento, n.21, p.150; n.8, p.139",Cintia,10/10/2018,(-46.6267929845488 -23.5416255895692),28.0,5.0,1936.0,,,
328,136,35.0,35,"Livro de Emplacamento, n.21, p.150; n.8, p.139",Cintia,10/10/2018,(-46.6267929845488 -23.5416255895692),15.0,1.0,1909.0,28.0,5.0,1936.0
329,136,495.0,495,"Livro de Emplacamento, n.21, p.150; n.8, p.139",Cintia,10/10/2018,(-46.6268369692669 -23.5404590946),28.0,5.0,1936.0,,,
330,136,77.0,77,"Livro de Emplacamento, n.21, p.150; n.8, p.139",Cintia,10/10/2018,(-46.6268369692669 -23.5404590946),15.0,1.0,1909.0,28.0,5.0,1936.0
331,136,24.0,24,"Livro de Emplacamento, n.21, p.151; n.8, p.139",Cintia,10/10/2018,(-46.6262813762869 -23.5446234869281),28.0,5.0,1936.0,,,
332,136,2.0,2,"Livro de Emplacamento, n.21, p.151; n.8, p.139",Cintia,10/10/2018,(-46.6262813762869 -23.5446234869281),27.0,5.0,1936.0,28.0,5.0,1936.0
333,136,258.0,258,"Livro de Emplacamento, n.21, p.151; n.8, p.139",Cintia,10/10/2018,(-46.6267579984252 -23.5425892441685),28.0,5.0,1936.0,,,
334,136,48.0,48,"Livro de Emplacamento, n.21, p.151; n.8, p.139",Cintia,10/10/2018,(-46.6267579984252 -23.5425892441685),15.0,1.0,1909.0,28.0,5.0,1936.0
335,136,38.0,38,"Livro de Emplacamento, n.21, p.151; n.8, p.139",Cintia,10/10/2018,(-46.6267579984252 -23.5425892441685),14.0,1.0,1909.0,28.0,5.0,1936.0
336,136,518.0,518,"Livro de Emplacamento, n.21, p.151; n.8, p.139",Cintia,10/10/2018,(-46.6268487080214 -23.5402608310776),28.0,5.0,1936.0,,,
337,136,110.0,110,"Livro de Emplacamento, n.21, p.151; n.8, p.139",Cintia,10/10/2018,(-46.6268487080214 -23.5402608310776),15.0,1.0,1909.0,28.0,5.0,1936.0
338,136,100.0,100,"Livro de Emplacamento, n.21, p.151; n.8, p.139",Cintia,10/10/2018,(-46.6268487080214 -23.5402608310776),14.0,1.0,1909.0,28.0,5.0,1936.0
339,35,10.0,10,"Livro de emplacamento 26, p.208",Vitoria Martins,08/10/2018,(-46.6343342485507 -23.5439353615296),24.0,10.0,1939.0,,,
340,35,2.0,2,"Livro de emplacamento 8, p.189",Vitoria Martins,08/10/2018,(-46.6343342485507 -23.5439353615296),1.0,6.0,1912.0,24.0,10.0,1939.0
341,35,56.0,56,"Livro de emplacamento 26, p.208",Vitoria Martins,08/10/2018,(-46.6342390282324 -23.544274397617),24.0,10.0,1939.0,,,
342,35,14.0,14,"Livro de emplacamento 26, p.208",Vitoria Martins,08/10/2018,(-46.6342390282324 -23.544274397617),1.0,6.0,1912.0,24.0,10.0,1939.0
343,35,9.0,9,"Livro de emplacamento 26, p.208",Vitoria Martins,08/10/2018,(-46.6343274099975 -23.5439288928729),24.0,10.0,1939.0,,,
344,35,25.0,25,"Livro de emplacamento 26, p.208",Vitoria Martins,08/10/2018,(-46.6343744134934 -23.5440678374084),24.0,10.0,1939.0,,,
345,35,1.0,1,"Livro de emplacamento 26, p.208",Vitoria Martins,08/10/2018,(-46.6343744134934 -23.5440678374084),1.0,6.0,1912.0,24.0,10.0,1939.0
346,35,97.0,97 alto,"Livro de emplacamento 8, p.189",Vitoria Martins,08/10/2018,(-46.6343744134934 -23.5440678374084),1.0,6.0,1912.0,24.0,10.0,1939.0
347,35,83.0,83,"Livro de emplacamento 26, p.208",Vitoria Martins,08/10/2018,(-46.6340017924111 -23.5442855259471),24.0,10.0,1939.0,,,
348,38,17.0,17,"Livro de emplacamento 21, p. 226",Vitoria Martins,08/10/2018,(-46.6312123283901 -23.5475064391144),6.0,8.0,1936.0,,,
349,38,1.0,1,"Livro de emplacamento 21, p. 226; livro de emplacamento 8, p. 141",Vitoria Martins,08/10/2018,(-46.6312123283901 -23.5475064391144),23.0,4.0,1909.0,6.0,8.0,1936.0
350,38,53.0,53,"Livro de emplacamento 21, p. 226",Vitoria Martins,08/10/2018,(-46.6315436794876 -23.5476167922862),6.0,8.0,1936.0,,,
351,38,15.0,15,"Livro de emplacamento 21, p. 226; livro de emplacamento 8, p. 141",Vitoria Martins,08/10/2018,(-46.6315436794876 -23.5476167922862),23.0,4.0,1909.0,6.0,8.0,1936.0
352,38,12.0,12,"Livro de emplacamento 21, p. 226",Vitoria Martins,08/10/2018,(-46.6311663074043 -23.547491112285),6.0,8.0,1936.0,,,
353,38,18.0,18,"Livro de emplacamento 21, p. 226",Vitoria Martins,08/10/2018,(-46.6312215325873 -23.5475095044803),6.0,8.0,1936.0,,,
354,38,2.0,2,"LIvro de emplacamento 21, p. 226",Vitoria Martins,08/10/2018,(-46.6312215325873 -23.5475095044803),23.0,4.0,1909.0,6.0,8.0,1936.0
355,38,52.0,52,"Livro de emplacamento 21, p. 226",Vitoria Martins,08/10/2018,(-46.6315344752905 -23.5476137269203),6.0,8.0,1936.0,,,
356,38,42.0,42,"Livro de emplacamento 21, p. 226",Vitoria Martins,08/10/2018,(-46.631442433319 -23.5475830732615),6.0,8.0,1936.0,,,
357,38,10.0,10,"Livro de emplacamento 21, p. 226",Vitoria Martins,08/10/2018,(-46.631442433319 -23.5475830732615),23.0,4.0,1909.0,6.0,8.0,1936.0
358,37,12.0,12,"Livro de emplacamento 21, p.221",Vitoria Martins,08/10/2018,(-46.631339101764 -23.5471462997515),6.0,8.0,36.0,,,
359,37,20.0,20,"LIvro de emplacamento 21, p. 221",Vitoria Martins,08/10/2018,(-46.6314109505326 -23.5471749187614),6.0,8.0,1936.0,,,
360,37,8.0,8,"Livro de emplacamento 21, p. 221",Vitoria Martins,08/10/2018,(-46.6314109505326 -23.5471749187614),5.0,8.0,1936.0,6.0,8.0,1936.0
361,37,58.0,58,"Livro de emplacamento 21, p. 221",Vitoria Martins,08/10/2018,(-46.6317522321838 -23.5473108590585),6.0,8.0,1936.0,,,
362,37,24.0,24,Livro de emplacamento 21. p. 221,Vitoria Martins,08/10/2018,(-46.6317522321838 -23.5473108590585),5.0,8.0,1936.0,6.0,8.0,1936.0
363,39,14.0,14,"Livro de emplacamento 21, p. 222",Vitoria Martins,08/10/2018,(-46.6311097373192 -23.547646515927),6.0,8.0,1936.0,,,
364,39,2.0,2,"Livro de emplacamento 21, p. 222",Vitoria Martins,08/10/2018,(-46.6311097373192 -23.547646515927),23.0,4.0,1909.0,6.0,8.0,1936.0
365,39,58.0,58,"Livro de emplacamento 21, p. 222",Vitoria Martins,08/10/2018,(-46.6315181600252 -23.5477720695459),6.0,8.0,1936.0,,,
366,39,20.0,20,"Livro de emplacamento 21, p. 222",Vitoria Martins,08/10/2018,(-46.6315181600252 -23.5477720695459),5.0,8.0,1936.0,6.0,8.0,1936.0
367,39,13.0,13,"Livro de emplacamento 21, p. 222",Vitoria Martins,08/10/2018,(-46.6311004500178 -23.5476436783368),6.0,8.0,1936.0,,,
368,39,17.0,17,"Livro de emplacamento 21, p. 222",Vitoria Martins,08/10/2018,(-46.6311375992232 -23.5476550286977),6.0,8.0,1936.0,,,
369,39,1.0,1,"Livro de emplacamento 21, p. 222",Vitoria Martins,08/10/2018,(-46.6311375992232 -23.5476550286977),23.0,4.0,1909.0,6.0,8.0,1936.0
370,39,51.0,51,"Livro de emplacamento 21, p. 222",Vitoria Martins,08/10/2018,(-46.6314626532227 -23.547754349311),6.0,8.0,1936.0,,,
371,39,11.0,11,"LIvro de emplacamento 21, p. 222",Vitoria Martins,08/10/2018,(-46.6314626532227 -23.547754349311),23.0,4.0,1909.0,6.0,8.0,1936.0
372,40,19.0,19,"Livro de emplacamento 21, p. 215",Vitoria Martins,08/10/2018,(-46.6341114839772 -23.5481699185034),30.0,7.0,1936.0,,,
373,40,1.0,1,"Livro de emplacamento 21, p. 215; Livro de emplacamento 14, p. 95",Vitoria Martins,08/10/2018,(-46.6341114839772 -23.5481699185034),22.0,6.0,1928.0,30.0,7.0,1936.0
374,40,49.0,49,"Livro de emplacamento 21, p. 215",Vitoria Martins,08/10/2018,(-46.6343955882185 -23.5482382432955),30.0,7.0,1936.0,,,
375,40,43.0,43,"Livro de emplacamento 21, p. 215",Vitoria Martins,08/10/2018,(-46.6343391652453 -23.5482229621725),30.0,7.0,1936.0,,,
376,40,9.0,9,"Livro de emplacamento 21, p. 215",Vitoria Martins,08/10/2018,(-46.6343391652453 -23.5482229621725),20.0,6.0,1928.0,30.0,7.0,1936.0
377,40,3.0,3,Livro de emplacamento 14. p. 95,Vitoria Martins,08/10/2018,(-46.6341114839772 -23.5481699185034),22.0,6.0,1928.0,30.0,7.0,1936.0
378,40,11.0,11,Livro de emplacamento 14. p. 95,Vitoria Martins,08/10/2018,(-46.6343391652453 -23.5482229621725),20.0,6.0,1928.0,30.0,7.0,1936.0
379,44,12.0,12,"Livro de emplacamento 21, p. 358",Vitoria Martins,08/10/2018,(-46.6332050651484 -23.5484277191172),7.0,12.0,1936.0,,,
380,44,7.0,7,"Livro de emplacamento 21, p. 358",Vitoria Martins,08/10/2018,(-46.6332050651484 -23.5484277191172),6.0,12.0,1936.0,7.0,12.0,1936.0
381,44,54.0,54,"LIvro de emplacamento 21, p. 358",Vitoria Martins,08/10/2018,(-46.6335822074367 -23.5485777796979),7.0,12.0,1936.0,,,
382,44,1.0,1,"Livro de emplacamento 21, p. 358",Vitoria Martins,08/10/2018,(-46.6335822074367 -23.5485777796979),6.0,12.0,1936.0,7.0,12.0,1936.0
383,48,15.0,15,"Livro de emplacamento 19, p. 307",Vitoria Martins,08/10/2018,(-46.6390575118103 -23.5431448740414),27.0,6.0,1935.0,,,
384,48,21.0,21,"Livro de emplacamento 19, p. 307",Vitoria Martins,08/10/2018,(-46.6391034230046 -23.5431781235014),27.0,6.0,1935.0,,,
385,48,62.0,62,"Livro de emplacamento 19, p. 307",Vitoria Martins,08/10/2018,(-46.6391034230046 -23.5431781235014),24.0,2.0,1909.0,27.0,6.0,1935.0
386,48,327.0,327,"Livro de emplacamento 19, p. 307",Vitoria Martins,08/10/2018,(-46.6413620503638 -23.5449816622505),27.0,6.0,1935.0,,,
387,48,323.0,323,"Livro de emplacamento 19, p. 307",Vitoria Martins,08/10/2018,(-46.6413325589877 -23.5449580313243),27.0,6.0,1935.0,,,
388,48,4.0,4,"Livro de emplacamento 19, p. 307",Vitoria Martins,08/10/2018,(-46.6413325589877 -23.5449580313243),24.0,2.0,1909.0,27.0,6.0,1935.0
389,48,10.0,10,"Livro de emplacamento 19, p. 308",Vitoria Martins,08/10/2018,(-46.6390192524816 -23.5431171661582),27.0,6.0,1935.0,,,
390,48,53.0,53,"Livro de emplacamento 19, p. 308",Vitoria Martins,08/10/2018,(-46.6390192524816 -23.5431171661582),24.0,2.0,1909.0,27.0,6.0,1935.0
391,48,346.0,346,"Livro de emplacamento 19, p. 308",Vitoria Martins,08/10/2018,(-46.6414947615561 -23.5450880014183),27.0,6.0,1935.0,,,
392,48,342.0,342,"Livro de emplacamento 19, p. 308",Vitoria Martins,08/10/2018,(-46.6414726430241 -23.5450702782237),27.0,6.0,1935.0,,,
393,48,1.0,1,"Livro de emplacamento 19, p. 308",Vitoria Martins,08/10/2018,(-46.6414726430241 -23.5450702782237),24.0,2.0,1909.0,27.0,6.0,1935.0
394,50,2.0,2,"Livro de emplacamento 19, p. 106",Vitoria Martins,08/10/2018,(-46.6361188265161 -23.544143392641),5.0,12.0,1933.0,,,
395,50,6.0,6,"LIvro de emplacamento 19, p. 106",Vitoria Martins,08/10/2018,(-46.6361188265161 -23.544143392641),11.0,2.0,1909.0,5.0,12.0,1933.0
396,50,0.0,0,"Livro de emplacamento 8, p. 121",Vitoria Martins,08/10/2018,(-46.6361188265161 -23.544143392641),11.0,2.0,1909.0,,,
397,50,222.0,222,"Livro de emplacamento 19, p. 106",Vitoria Martins,08/10/2018,(-46.6364784014421 -23.5422007110111),5.0,12.0,1933.0,,,
398,50,34.0,34,"Livro de emplacamento 19, p. 106; Livro de emplacamento 8, p. 121",Vitoria Martins,08/10/2018,(-46.6364784014421 -23.5422007110111),11.0,2.0,1909.0,5.0,12.0,1933.0
399,50,218.0,218,"Livro de emplacamento 19, p. 106",Vitoria Martins,08/10/2018,(-46.6364714791661 -23.5422360416522),5.0,12.0,1933.0,,,
400,50,20.0,20,"Livro de emplacamento 19, p. 106",Vitoria Martins,08/10/2018,(-46.6364714791661 -23.5422360416522),11.0,2.0,1909.0,5.0,12.0,1933.0
401,50,35.0,35,"Livro de emplacamento 19, p. 105",Vitoria Martins,08/10/2018,(-46.6361530368304 -23.5438500252254),5.0,12.0,1933.0,,,
402,50,3.0,3,"Livro de emplacamento 19, p. 105",Vitoria Martins,08/10/2018,(-46.6361530368304 -23.5438500252254),11.0,2.0,1909.0,5.0,12.0,1933.0
403,50,1.0,1,"Livro de emplacamento 8, p.121",Vitoria Martins,08/10/2018,(-46.6361530368304 -23.5438500252254),11.0,2.0,1909.0,5.0,12.0,1933.0
404,50,141.0,141,"LIvro de emplacamento 19, p. 105",Vitoria Martins,08/10/2018,(-46.6363668997816 -23.5429297447129),5.0,12.0,1933.0,,,
405,50,213.0,213,"Livro de emplacamento 19, p. 105",Vitoria Martins,08/10/2018,(-46.636462531119 -23.5422892802144),5.0,12.0,1933.0,,,
406,50,27.0,27,"Livro de emplacamento 19, p. 105",Vitoria Martins,09/10/2018,(-46.636462531119 -23.5422892802144),11.0,2.0,1909.0,5.0,12.0,1933.0
407,79,23.0,23,"LIvro de emplacamento 21,p. 131",Vitoria Martins,09/10/2018,(-46.654329176158 -23.5436518243678),20.0,5.0,1936.0,,,
408,79,1.0,1,"LIvro de emplacamento 21, p. 131",Vitoria Martins,09/10/2018,(-46.654329176158 -23.5436518243678),19.0,5.0,1936.0,20.0,5.0,1936.0
409,79,621.0,621,"Livro de emplacamento 21, p. 131",Vitoria Martins,09/10/2018,(-46.6484745556399 -23.5437780120642),20.0,5.0,1936.0,,,
410,79,93.0,93,"Livro de emplacamento 21, p. 131",Vitoria Martins,09/10/2018,(-46.6484745556399 -23.5437780120642),19.0,5.0,1936.0,20.0,5.0,1936.0
411,79,1033.0,1033,"Livro de emplacamento 21, p. 132",Vitoria Martins,09/10/2018,(-46.6444419367605 -23.5438863168115),20.0,5.0,1936.0,,,
412,79,131.0,131,"Livro de emplacamento 21, p. 132",Vitoria Martins,09/10/2018,(-46.6444419367605 -23.5438863168115),19.0,5.0,1936.0,20.0,5.0,1936.0
413,79,44.0,44,"Livro de emplacamento 21, p. 133",Vitoria Martins,09/10/2018,(-46.6541333447753 -23.5436547589738),20.0,5.0,1936.0,,,
414,79,58.0,58,"Livro de emplacamento 21, p. 133",Vitoria Martins,09/10/2018,(-46.6539962628075 -23.5436568131981),20.0,5.0,1936.0,,,
415,79,2.0,2,"Livro de emplacamento 21, p. 133",Vitoria Martins,09/10/2018,(-46.6539962628075 -23.5436568131981),19.0,5.0,1936.0,20.0,5.0,1936.0
416,79,450.0,450,"Livro de emplacamento 21, p. 133",Vitoria Martins,09/10/2018,(-46.6501584336411 -23.5437386081307),20.0,5.0,1936.0,,,
417,79,62.0,62,"Livro de emplacamento 21, p. 133",Vitoria Martins,09/10/2018,(-46.6501584336411 -23.5437386081307),19.0,5.0,1936.0,20.0,5.0,1936.0
418,79,1031.0,1031,"Livro de emplacamento 21, p. 133",Vitoria Martins,09/10/2018,(-46.6444613659831 -23.5438838488704),20.0,5.0,1936.0,,,
419,79,128.0,128,"Livro de emplacamento 21, p. 133",Vitoria Martins,09/10/2018,(-46.6444613659831 -23.5438838488704),19.0,5.0,1936.0,20.0,5.0,1936.0
420,80,51.0,51,"Livro de emplacamento 20, p. 85",Vitoria Martins,09/10/2018,(-46.6529054169272 -23.5441619195643),4.0,10.0,1935.0,,,
421,80,1.0,1,"Livro de emplacamento 20, p. 85; ",Vitoria Martins,09/10/2018,(-46.6529054169272 -23.5441619195643),19.0,6.0,1928.0,4.0,10.0,1935.0
422,80,361.0,361,"Livro de emplacamento 20, p. 85",Vitoria Martins,09/10/2018,(-46.6499542575273 -23.5446081954579),4.0,10.0,1935.0,,,
423,80,49.0,49,"Livro de emplacamento 20, p. 85",Vitoria Martins,09/10/2018,(-46.6499542575273 -23.5446081954579),3.0,10.0,1935.0,4.0,10.0,1935.0
424,80,715.0,715,"Livro de emplacamento 20, p. 85",Vitoria Martins,09/10/2018,(-46.6465065355788 -23.5447008603267),4.0,10.0,1935.0,,,
425,80,97.0,97,"Livro de emplacamento 20, p. 85",Vitoria Martins,09/10/2018,(-46.6465065355788 -23.5447008603267),3.0,10.0,1935.0,4.0,10.0,1935.0
426,80,48.0,48,"Livro de emplacamento 20, p. 86",Vitoria Martins,09/10/2018,(-46.652932702947 -23.5441512117565),4.0,10.0,1935.0,,,
427,80,2.0,2,"Livro de emplacamento 20, p. 86",Vitoria Martins,09/10/2018,(-46.652932702947 -23.5441512117565),3.0,10.0,1935.0,4.0,10.0,1935.0
428,80,364.0,364,"Livro de emplacamento 20, p. 86",Vitoria Martins,09/10/2018,(-46.6499249602837 -23.5446091204117),4.0,10.0,1935.0,,,
429,80,62.0,62,"Livro de emplacamento 20, p. 86",Vitoria Martins,09/10/2018,(-46.6499249602837 -23.5446091204117),3.0,10.0,1935.0,4.0,10.0,1935.0
430,80,876.0,876,"Livro de emplacamento 20, p. 86",Vitoria Martins,09/10/2018,(-46.644924219657 -23.5447414235275),4.0,10.0,1935.0,,,
431,80,114.0,114,"Livro de emplacamento 20, p. 86",Vitoria Martins,09/10/2018,(-46.644924219657 -23.5447414235275),3.0,10.0,1935.0,4.0,10.0,1935.0
432,82,31.0,31,"Livro de emplacamento 27, p. 376",Vitoria Martins,09/10/2018,(-46.6427778986125 -23.5445568290087),13.0,11.0,1940.0,,,
433,82,30.2,30-b,"Livro de emplacamento 27, p. 376",Vitoria Martins,09/10/2018,(-46.6427778986125 -23.5445568290087),12.0,11.0,1940.0,13.0,11.0,1940.0
434,82,112.0,112,"Livro de emplacamento 27, p. 376",Vitoria Martins,09/10/2018,(-46.6433658996867 -23.5450598769665),13.0,11.0,1940.0,,,
435,82,34.0,34,"Livro de emplacamento 27, p. 376",Vitoria Martins,09/10/2018,(-46.6433658996867 -23.5450598769665),12.0,11.0,1940.0,13.0,11.0,1940.0
436,82,57.0,57,"Livro de emplacamento 27, p. 376",Vitoria Martins,09/10/2018,(-46.6429577649339 -23.5447139683743),13.0,11.0,1940.0,,,
437,82,23.0,23,"Livro de emplacamento 27, p. 376",Vitoria Martins,09/10/2018,(-46.6429577649339 -23.5447139683743),12.0,11.0,1940.0,13.0,11.0,1940.0
438,82,97.0,97,"Livro de emplacamento 27, p. 376",Vitoria Martins,09/10/2018,(-46.6432565642824 -23.5449672386811),13.0,11.0,1940.0,,,
439,82,35.0,35,"Livro de emplacamento 27, p. 376",Vitoria Martins,09/10/2018,(-46.6432565642824 -23.5449672386811),12.0,11.0,1940.0,13.0,11.0,1940.0
440,83,33.0,33,"Livro de emplacamento 20, p. 306",Vitoria Martins,09/10/2018,(-46.6459995599436 -23.5462508151474),17.0,1.0,1936.0,,,
441,83,20.0,20,"Livro de emplacamento 20, p. 306",Vitoria Martins,09/10/2018,(-46.6459995599436 -23.5462508151474),16.0,1.0,1936.0,13.0,11.0,1940.0
442,83,129.0,129,"Livro de emplacamento 20, p. 306",Vitoria Martins,09/10/2018,(-46.6461985487086 -23.5471013603773),17.0,1.0,1936.0,,,
443,83,2.0,2,"Livro de emplacamento 20, p. 306",Vitoria Martins,09/10/2018,(-46.6461985487086 -23.5471013603773),16.0,1.0,1936.0,17.0,1.0,1936.0
444,83,18.0,18,"LIvro de emplacamento 20, p. 306",Vitoria Martins,09/10/2018,(-46.6459703889899 -23.5461281631068),17.0,1.0,1936.0,,,
445,83,26.0,26,"Livro de emplacamento 20, p. 306",Vitoria Martins,09/10/2018,(-46.6459703889899 -23.5461281631068),16.0,1.0,1936.0,17.0,1.0,1936.0
446,83,119.0,119,"Livro de emplacamento 20, p. 306",Vitoria Martins,09/10/2018,(-46.6461780344029 -23.547013675302),17.0,1.0,1936.0,,,
447,83,1.0,1,"Livro de emplacamento 20, p. 306",Vitoria Martins,09/10/2018,(-46.6461780344029 -23.547013675302),16.0,1.0,1936.0,17.0,1.0,1936.0
448,84,24.0,24,"Livro de emplacamento 20, p. 126",Vitoria Martins,09/10/2018,(-46.6464611769308 -23.5419580254418),25.0,10.0,1935.0,,,
449,84,2.0,2,"Livro de emplacamento 20, p. 126",Vitoria Martins,09/10/2018,(-46.6464611769308 -23.5419580254418),24.0,10.0,1935.0,17.0,1.0,1936.0
450,84,336.0,336,"Livro de emplacamento 20, p. 126",Vitoria Martins,09/10/2018,(-46.6465671041543 -23.5447629052969),25.0,10.0,1935.0,,,
451,84,56.0,56,"Livro de emplacamento 20, p. 126",Vitoria Martins,09/10/2018,(-46.6465671041543 -23.5447629052969),24.0,10.0,1935.0,25.0,10.0,1935.0
452,84,588.0,588,"Livro de emplacamento 20, p. 126",Vitoria Martins,09/10/2018,(-46.6466393175025 -23.5470216220641),25.0,10.0,1935.0,,,
453,84,106.1,106-a,"Livro de emplacamento 20, p. 126",Vitoria Martins,09/10/2018,(-46.6466393175025 -23.5470216220641),24.0,5.0,1935.0,25.0,10.0,1935.0
454,84,31.0,31,"Livro de emplacamento 20, p.125",Vitoria Martins,09/10/2018,(-46.6464638350043 -23.5420207460859),25.0,10.0,1935.0,,,
455,84,1.0,1s,"Livro de emplacamento 20, p. 125",Vitoria Martins,09/10/2018,(-46.6464638350043 -23.5420207460859),24.0,5.0,1935.0,25.0,10.0,1935.0
456,84,343.0,343,"Livro de emplacamento 20, p. 125",Vitoria Martins,09/10/2018,(-46.6465687192639 -23.5448256614597),25.0,10.0,1935.0,,,
457,84,43.0,43,"Livro de emplacamento 20, p. 125",Vitoria Martins,09/10/2018,(-46.6465687192639 -23.5448256614597),24.0,5.0,1935.0,25.0,10.0,1935.0
458,84,553.0,553,"Livro de emplacamento 20, p. 125",Vitoria Martins,09/10/2018,(-46.6466270412618 -23.5467079775078),25.0,10.0,1935.0,,,
459,84,79.0,79,"Livro de emplacamento 20, p. 125",Vitoria Martins,09/10/2018,(-46.6466270412618 -23.5467079775078),24.0,5.0,1935.0,25.0,10.0,1935.0
460,85,31.0,31,"Livro de emplacamento 20, p. 95",Vitoria Martins,09/10/2018,(-46.6477692513029 -23.5420066075571),9.0,10.0,1935.0,,,
461,85,2.0,2,"Livro de emplacamento 20, p. 95",Vitoria Martins,09/10/2018,(-46.6477692513029 -23.5420066075571),8.0,10.0,1935.0,9.0,10.0,1935.0
462,85,338.0,338,"Livro de emplacamento 20, p. 95",Vitoria Martins,09/10/2018,(-46.6478511638043 -23.5447493854514),9.0,10.0,1935.0,,,
463,85,60.0,60,"Livro de emplacamento 20, p. 95",Vitoria Martins,09/10/2018,(-46.6478511638043 -23.5447493854514),8.0,10.0,1935.0,9.0,10.0,1935.0
464,85,640.0,640,"Livro de emplacamento 20, p. 96",Vitoria Martins,09/10/2018,(-46.6479378116924 -23.5474651414152),9.0,10.0,1935.0,,,
465,85,124.0,124,"Livro de emplacamento 20, p. 96",Vitoria Martins,09/10/2018,(-46.6479378116924 -23.5474651414152),8.0,10.0,1935.0,9.0,10.0,1935.0
466,85,29.0,29,"Livro de emplacamento 20, p. 94",Vitoria Martins,09/10/2018,(-46.6477684596721 -23.5419797165517),9.0,10.0,1935.0,,,
467,85,1.0,1,"Livro de emplacamento 20, p. 94",Vitoria Martins,09/10/2018,(-46.6477684596721 -23.5419797165517),8.0,10.0,1935.0,9.0,10.0,1935.0
468,85,1.1,1a,"Livro de emplacamento 15, p. 46",Vitoria Martins,09/10/2018,(-46.6477684596721 -23.5419797165517),20.0,5.0,1929.0,9.0,10.0,1935.0
469,85,569.0,569,"Livro de emplacamento 20, p. 94",Vitoria Martins,09/10/2018,(-46.6479133743127 -23.5468289235784),9.0,10.0,1935.0,,,
470,85,565.0,565,"Livro de emplacamento 20, p. 94",Vitoria Martins,09/10/2018,(-46.6479133743127 -23.5468289235784),8.0,10.0,1935.0,9.0,10.0,1935.0
471,86,33.0,33,"Livro de emplacamento 20, p. 92",Vitoria Martins,09/10/2018,(-46.6454169018587 -23.5421109433378),9.0,10.0,1935.0,,,
472,86,1.0,1,"Livro de emplacamento 20, p. 92",Vitoria Martins,09/10/2018,(-46.6454169018587 -23.5421109433378),8.0,10.0,1935.0,9.0,10.0,1935.0
473,86,303.0,303,"Livro de emplacamento 20, p. 92",Vitoria Martins,09/10/2018,(-46.6454896259349 -23.5445327764153),9.0,10.0,1935.0,,,
474,86,37.0,37,"Livro de emplacamento 20, p. 92",Vitoria Martins,09/10/2018,(-46.6454896259349 -23.5445327764153),8.0,10.0,1935.0,9.0,10.0,1935.0
475,86,441.0,441,"Livro de emplacamento 20, p. 92",Vitoria Martins,09/10/2018,(-46.6455367174166 -23.5457702493908),9.0,10.0,1935.0,,,
476,86,383.0,383,"Livro de emplacamento 20, p. 92",Vitoria Martins,09/10/2018,(-46.645514560834 -23.5452502518979),9.0,10.0,1935.0,,,
477,86,49.0,49,"Livro de emplacamento 20, p. 92",Vitoria Martins,09/10/2018,(-46.645514560834 -23.5452502518979),8.0,10.0,1935.0,9.0,10.0,1935.0
478,86,10.0,10,"Livro de emplacamento 20, p. 92",Vitoria Martins,09/10/2018,(-46.6454112026897 -23.5419046232293),9.0,10.0,1935.0,,,
479,86,2.0,2,"Livro de emplacamento 20, p. 93",Vitoria Martins,09/10/2018,(-46.6454112026897 -23.5419046232293),8.0,10.0,1935.0,9.0,10.0,1935.0
480,86,304.0,304,"Livro de emplacamento 20, p. 93",Vitoria Martins,09/10/2018,(-46.6454899500887 -23.54454174442),9.0,10.0,1935.0,,,
481,86,58.0,58,"Livro de emplacamento 20, p. 93",Vitoria Martins,09/10/2018,(-46.6454899500887 -23.54454174442),8.0,10.0,1935.0,9.0,10.0,1935.0
482,86,442.0,442,"Livro de emplacamento 20, p. 93",Vitoria Martins,09/10/2018,(-46.6455370862044 -23.545779215671),9.0,10.0,1935.0,,,
483,86,76.0,76,"Livro de emplacamento 20, p. 93",Vitoria Martins,09/10/2018,(-46.6455370862044 -23.545779215671),8.0,10.0,1935.0,9.0,10.0,1935.0
484,22,39.0,39,"livro de emplacamento, 21, p.296",Luanna,08/10/2018,(-46.6346556372734 -23.544297855889),25.0,9.0,1936.0,,,
485,22,73.0,73,"livro de emplacamento, 21, p.296",Luanna,08/10/2018,(-46.634872845865 -23.544522097766),25.0,9.0,1936.0,,,
486,22,52.0,52s,"livro de emplacamento, 13, p.194; livro de emplacamento 21, p. 296",Luanna,08/10/2018,(-46.634872845865 -23.544522097766),28.0,4.0,1928.0,25.0,9.0,1936.0
487,23,255.0,255,"livro de emplacamento 28, p. 118",Luanna,08/10/2018,(-46.6359763970228 -23.5422069665695),14.0,3.0,1941.0,,,
488,23,1.1,1a,"livro de emplacamento 28, p. 118",Luanna,08/10/2018,(-46.6359763970228 -23.5422069665695),13.0,3.0,1941.0,14.0,3.0,1941.0
489,23,277.0,277,"livro de emplacamento 28, p. 118",Luanna,08/10/2018,(-46.636124462353 -23.5420637064232),14.0,3.0,1941.0,,,
490,23,5.0,5,"livro de emplacamento 28, p. 118",Luanna,08/10/2018,(-46.636124462353 -23.5420637064232),13.0,3.0,1941.0,14.0,3.0,1941.0
491,23,303.0,303,"livro de emplacamento 28, p. 118",Luanna,08/10/2018,(-46.6362994486524 -23.5418943989777),14.0,3.0,1941.0,,,
492,23,15.0,,"livro de emplacamento 28, p. 118",Luanna,08/10/2018,(-46.6362994486524 -23.5418943989777),13.0,3.0,1941.0,14.0,3.0,1941.0
493,27,23.0,23,"livro de emplacamento 22, p. 399",Luanna,08/10/2018,(-46.6326823372403 -23.5435216196399),13.0,9.0,1937.0,,,
494,27,1.0,1,"livro de emplacamento 22, p. 399",Luanna,08/10/2018,(-46.6326823372403 -23.5435216196399),12.0,9.0,1937.0,13.0,9.0,1937.0
495,27,69.0,69,"livro de emplacamento 22, p. 399",Luanna,08/10/2018,(-46.6330837456716 -23.5433359631563),13.0,9.0,1937.0,,,
496,27,28.0,28,"livro de emplacamento 22, p. 399",Luanna,08/10/2018,(-46.6327259685915 -23.5435014395874),13.0,9.0,1937.0,,,
497,27,2.0,2,"livro de emplacamento 22, p. 399",Luanna,08/10/2018,(-46.6327259685915 -23.5435014395874),12.0,9.0,1937.0,13.0,9.0,1937.0
498,27,74.0,74,"livro de emplacamento 22, p. 399",Luanna,08/10/2018,(-46.6331273770229 -23.5433157831037),13.0,9.0,1937.0,,,
499,27,8.0,8,"livro de emplacamento 22, p. 399",Luanna,08/10/2018,(-46.6331273770229 -23.5433157831037),12.0,9.0,1937.0,13.0,9.0,1937.0
500,28,30.0,30,"livro de emplacamento 25, p. 273",Luanna,09/10/2018,(-46.6323154390459 -23.54345521686),27.0,6.0,1939.0,,,
501,28,2.0,2,"livro de emplacamento 25, p. 273",Luanna,09/10/2018,(-46.6323154390459 -23.54345521686),26.0,6.0,1939.0,13.0,9.0,1937.0
502,30,16.0,16,"livro de emplacamento 21, p.300",Luanna,09/10/2018,(-46.6317311370839 -23.5420242964347),30.0,9.0,1936.0,,,
503,30,2.0,2,"livro de emplacamento 21, p.300",Luanna,09/10/2018,(-46.6317311370839 -23.5420242964347),29.0,9.0,1936.0,13.0,9.0,1937.0
504,30,162.0,162,"livro de emplacamento 21, p.300",Luanna,09/10/2018,(-46.6319841062824 -23.5433132920316),30.0,9.0,1936.0,,,
505,30,26.0,26,"livro de emplacamento 21, p.300",Luanna,09/10/2018,(-46.6319841062824 -23.5433132920316),29.0,9.0,1936.0,13.0,9.0,1937.0
506,30,256.0,256,"livro de emplacamento 21, p.300",Luanna,09/10/2018,(-46.6321312282333 -23.5441308845486),30.0,9.0,1936.0,,,
507,30,48.0,48,"livro de emplacamento 21, p.300",Luanna,09/10/2018,(-46.6321312282333 -23.5441308845486),29.0,9.0,1936.0,13.0,9.0,1937.0
508,30,13.0,13,"livro de emplacamento 21, p.299",Luanna,09/10/2018,(-46.6317257694966 -23.5419969460832),30.0,9.0,1936.0,,,
509,30,1.0,1,"livro de emplacamento 21, p.299",Luanna,09/10/2018,(-46.6317257694966 -23.5419969460832),29.0,9.0,1936.0,13.0,9.0,1937.0
510,30,139.0,139,"livro de emplacamento 21, p.299",Luanna,09/10/2018,(-46.6319422044713 -23.5430997828362),30.0,9.0,1936.0,,,
511,30,33.0,33,"livro de emplacamento 21, p.299",Luanna,09/10/2018,(-46.6319422044713 -23.5430997828362),29.0,9.0,1936.0,13.0,9.0,1937.0
512,30,251.0,251,"livro de emplacamento 21, p.299",Luanna,09/10/2018,(-46.6321254451803 -23.544099037788),30.0,9.0,1936.0,,,
513,30,57.1,57a,"livro de emplacamento 21, p.299",Luanna,09/10/2018,(-46.6321254451803 -23.544099037788),29.0,9.0,1936.0,13.0,9.0,1937.0
514,31,24.0,24,"livro de emplacamento 31, p. 241",Luanna,09/10/2018,(-46.6320959838538 -23.5427172592187),23.0,3.0,1944.0,,,
515,31,56.0,56,"livro de emplacamento 31, p. 241",Luanna,09/10/2018,(-46.6320959838538 -23.5427172592187),22.0,3.0,1944.0,13.0,9.0,1937.0
516,65,136.0,136,"Livro de Emplacamento n.27, p.182; n.13, p.33; n.1, p.43; n.1, p.11",Cintia,09/10/2018,(-46.641650844927 -23.5487635039771),7.0,8.0,1940.0,,,
517,65,34.0,34,"Livro de Emplacamento n.27, p.182; n.13, p.33; n.1, p.43; n.1, p.11",Cintia,09/10/2018,(-46.6415646921048 -23.5487195099626),12.0,7.0,1928.0,13.0,9.0,1937.0
518,65,29.0,29,"Livro de Emplacamento n.27, p.182; n.13, p.33; n.1, p.43; n.1, p.11",Cintia,09/10/2018,(-46.6415646921048 -23.5487195099626),17.0,6.0,1928.0,13.0,9.0,1937.0
519,113,45.0,45,"Livro de Emplacamento, n.24, p.49; n.9, p.38",Cintia,10/10/2018,(-46.6544298283215 -23.5553136441156),26.0,10.0,1937.0,,,
520,113,85.0,85,"Livro de Emplacamento, n.24, p.49; n.9, p.38",Cintia,10/10/2018,(-46.654614313667 -23.5549931823714),26.0,10.0,1937.0,,,
521,113,11.0,11,"Livro de Emplacamento, n.24, p.49; n.9, p.38",Cintia,10/10/2018,(-46.654614313667 -23.5549931823714),3.0,6.0,1922.0,13.0,9.0,1937.0
522,113,121.0,121,"Livro de Emplacamento, n.24, p.49; n.9, p.38",Cintia,10/10/2018,(-46.6547714001989 -23.5547203139556),26.0,10.0,1937.0,,,
523,113,19.0,19,"Livro de Emplacamento, n.24, p.49; n.9, p.38",Cintia,10/10/2018,(-46.6547714001989 -23.5547203139556),3.0,6.0,1922.0,13.0,9.0,1937.0
524,113,36.0,36,"Livro de Emplacamento, n.24, p.49; n.9, p.38",Cintia,10/10/2018,(-46.6543855335727 -23.5553905866631),26.0,10.0,1937.0,,,
525,113,4.0,4,"Livro de Emplacamento, n.24, p.49; n.9, p.38",Cintia,10/10/2018,(-46.6543855335727 -23.5553905866631),3.0,6.0,1922.0,13.0,9.0,1937.0
526,113,110.0,110,"Livro de Emplacamento, n.24, p.49; n.9, p.38",Cintia,10/10/2018,(-46.6547280187439 -23.5547956700588),26.0,10.0,1937.0,,,
527,113,16.0,16,"Livro de Emplacamento, n.24, p.49; n.9, p.38",Cintia,10/10/2018,(-46.6547280187439 -23.5547956700588),3.0,6.0,1922.0,13.0,9.0,1937.0
528,113,14.0,14,"Livro de Emplacamento, n.24, p.49; n.9, p.38",Cintia,10/10/2018,(-46.6547280187439 -23.5547956700588),2.0,6.0,1922.0,13.0,9.0,1937.0
